Make,Model,Engine_HP,Engine_Size_L,Cylinders,Transmission,Fuel_Type,Driven_Wheels,Number_of_Doors,Vehicle_Size,Vehicle_Style,Fuel_Consumption_Comb_L_100km,MSRP
ACURA,CL,236.7,3,6,AUTOMATIC,Z,front wheel drive,2,Midsize,Coupe,13.8,29818.9
ACURA,ILX,191.4,2.3,4,AUTOMATED_MANUAL,Z,front wheel drive,4,Compact,Sedan,8.6,30712.5
ACURA,ILX HYBRID,111,1.5,4,AUTOMATIC,Z,front wheel drive,4,Compact,Sedan,6,31750
ACURA,INTEGRA,152.1,2,4,MANUAL,X,front wheel drive,2.9,Compact,2dr Hatchback,10.8,11768.6
ACURA,LEGEND,215,3,6,MANUAL,X,front wheel drive,3.2,Midsize,Sedan,14.7,2143.5
ACURA,MDX,290,3,6,AUTOMATIC,Z,all wheel drive,4,Midsize,4dr SUV,12.4,50332.1
ACURA,NSX,331.4,3.5,6,AUTOMATIC,X,rear wheel drive,2,Compact,Coupe,11,102400
ACURA,RDX,278,3,6,AUTOMATIC,Z,all wheel drive,4,Midsize,4dr SUV,12.1,39232.5
ACURA,RL,300,3,6,AUTOMATIC,Z,all wheel drive,4,Midsize,Sedan,14.1,51340
ACURA,RLX,321.2,3.5,6,AUTOMATIC,Z,front wheel drive,4,Midsize,Sedan,10,56491.7
ACURA,RSX,167.4,2,4,MANUAL,X,front wheel drive,2,Compact,2dr Hatchback,10.5,21689
ACURA,SLX,202.5,3,6,AUTOMATIC,X,four wheel drive,4,Midsize,4dr SUV,18.1,2658.8
ACURA,TL,293,3.5,6,AUTOMATIC,Z,all wheel drive,4,Midsize,Sedan,10.1,40876.7
ACURA,TLX,266,2.6,5.4,AUTOMATIC,Z,front wheel drive,4,Midsize,Sedan,8.6,38730
ACURA,TSX,220.8,2.8,4.5,AUTOMATIC,Z,front wheel drive,4,Midsize,Sedan,9.8,33284.1
ACURA,TSX SPORT WAGON,201,3,4,AUTOMATIC,Z,front wheel drive,4,Midsize,Wagon,10.7,33560
ACURA,VIGOR,176,3,5,MANUAL,X,front wheel drive,4,Midsize,Sedan,13.1,2000
ACURA,ZDX,300,3,6,AUTOMATIC,Z,all wheel drive,4,Midsize,4dr Hatchback,14.7,51062.9
ALFA ROMEO,4C,237,1.8,4,AUTOMATED_MANUAL,Z,rear wheel drive,2,Compact,Coupe,8.4,61600
ASTON MARTIN,DB7,423.8,2,12,MANUAL,Z,rear wheel drive,2,Compact,Coupe,23.5,151550
ASTON MARTIN,DB9,510,5.9,12,AUTOMATIC,Z,rear wheel drive,2,Midsize,Convertible,15.6,196522.5
ASTON MARTIN,DB9 GT,540,5.9,12,AUTOMATIC,Z,rear wheel drive,2,Midsize,Coupe,15.6,215602.3
ASTON MARTIN,DBS,510,3,12,AUTOMATIC,Z,rear wheel drive,2,Midsize,Convertible,20.5,281573
ASTON MARTIN,RAPIDE,470,5.9,12,AUTOMATIC,Z,rear wheel drive,4,Large,Sedan,15.6,210122.5
ASTON MARTIN,RAPIDE S,551.3,6,12,AUTOMATIC,Z,rear wheel drive,4,Large,Sedan,14.2,202748.3
ASTON MARTIN,V12 VANQUISH,490,2,12,AUTOMATED_MANUAL,Z,rear wheel drive,2,Compact,Coupe,23.1,245880
ASTON MARTIN,V12 VANTAGE,510,2,12,MANUAL,Z,rear wheel drive,2,Compact,Coupe,21.4,187565
ASTON MARTIN,V12 VANTAGE S,565,6,12,AUTOMATED_MANUAL,Z,rear wheel drive,2,Compact,Coupe,17.2,188095
ASTON MARTIN,V8 VANTAGE,428.8,4.7,8,AUTOMATED_MANUAL,Z,rear wheel drive,2,Compact,Convertible,15.1,129535
ASTON MARTIN,VANQUISH,567.2,6,12,AUTOMATIC,Z,rear wheel drive,2,Midsize,Convertible,14.9,297083.8
ASTON MARTIN,VIRAGE,490,3,12,AUTOMATIC,Z,rear wheel drive,2,Midsize,Convertible,18.1,215795
AUDI,100,172,3,6,MANUAL,X,front wheel drive,4,Midsize,Sedan,14.3,2000
AUDI,200,180.3,3,5,MANUAL,X,all wheel drive,4,Midsize,Sedan,15,2000
AUDI,80,126.3,2,4.8,MANUAL,X,all wheel drive,4,Compact,Sedan,13.7,2000
AUDI,90,172,2,6,MANUAL,X,front wheel drive,4,Compact,Sedan,13.7,2000
AUDI,A3,190.3,1.9,4,AUTOMATED_MANUAL,Z,front wheel drive,3.1,Compact,Sedan,8.2,38652.1
AUDI,A4,225.4,2,4,AUTOMATED_MANUAL,Z,all wheel drive,4,Midsize,Sedan,8.4,39752
AUDI,A4 ALLROAD,252,3,4,AUTOMATED_MANUAL,Z,all wheel drive,4,Midsize,Wagon,10.2,47466.7
AUDI,A5,220,3,4,AUTOMATIC,Z,all wheel drive,2,Midsize,Coupe,11.6,44300
AUDI,A6,267.3,3,5,AUTOMATIC,Z,all wheel drive,4,Midsize,Sedan,10.5,54673.9
AUDI,A7,291.2,4.4,6,AUTOMATIC,Z,all wheel drive,4,Large,Sedan,10.9,69895
AUDI,A8,384.3,3.5,7.7,AUTOMATIC,Z,all wheel drive,4,Large,Sedan,11,94850
AUDI,ALLROAD,220,3,4,AUTOMATIC,Z,all wheel drive,4,Midsize,Wagon,11.4,44675
AUDI,ALLROAD QUATTRO,262.5,2,6.5,AUTOMATIC,X,all wheel drive,4,Midsize,Wagon,10.5,41943.8
AUDI,CABRIOLET,172,2,6,AUTOMATIC,X,front wheel drive,2,Compact,Convertible,13.8,2868.3
AUDI,COUPE,164,2,5,MANUAL,X,all wheel drive,2,Compact,2dr Hatchback,15.2,2000
AUDI,Q3,200,2,4,AUTOMATIC,Z,all wheel drive,4,Compact,4dr SUV,10.2,36292.9
AUDI,Q5,244.1,2.3,5.2,AUTOMATIC,Z,all wheel drive,4,Midsize,4dr SUV,10.5,48255
AUDI,Q7,281.7,2.7,6,AUTOMATIC,Z,all wheel drive,4,Large,4dr SUV,11.7,57373.3
AUDI,R8,506.4,4.8,9.4,AUTOMATED_MANUAL,Z,all wheel drive,2,Compact,Coupe,15.4,158819.6
AUDI,RS 4,420,2,8,MANUAL,Z,all wheel drive,3.3,Compact,Sedan,18.5,71603.3
AUDI,RS 5,450,3.8,8,AUTOMATED_MANUAL,Z,all wheel drive,2,Midsize,Convertible,12.4,74066.7
AUDI,RS 6,450,3,8,AUTOMATIC,Z,all wheel drive,4,Midsize,Sedan,16.8,82700
AUDI,RS 7,560,4,8,AUTOMATIC,Z,all wheel drive,4,Large,Sedan,13.2,108700
AUDI,S3,292,2,4,AUTOMATED_MANUAL,Z,all wheel drive,4,Compact,Sedan,9.5,45091.7
AUDI,S4,333,3,6,AUTOMATED_MANUAL,Z,all wheel drive,4,Midsize,Sedan,11,52150
AUDI,S5,333,3,6,AUTOMATED_MANUAL,Z,all wheel drive,2,Midsize,Coupe,11,58183.3
AUDI,S6,444,3.8,8,AUTOMATED_MANUAL,Z,all wheel drive,4,Midsize,Sedan,11.8,73340
AUDI,S7,442.5,3.8,8,AUTOMATED_MANUAL,Z,all wheel drive,4,Large,Sedan,11.8,82050
AUDI,S8,562.5,4,8,AUTOMATIC,Z,all wheel drive,4,Large,Sedan,13.2,115150
AUDI,SQ5,354,3,6,AUTOMATIC,Z,all wheel drive,4,Midsize,4dr SUV,12,56850
AUDI,TT,217,2,4,AUTOMATED_MANUAL,Z,all wheel drive,2,Compact,Convertible,10.4,43916.7
AUDI,TT RS,360,2.5,5,MANUAL,Z,all wheel drive,2,Compact,Coupe,10.4,57025
AUDI,TTS,278.5,2,4,AUTOMATED_MANUAL,Z,all wheel drive,2,Compact,Coupe,10.5,51200
AUDI,V8,276,3,8,AUTOMATIC,X,all wheel drive,4,Midsize,Sedan,18.1,2129.3
BENTLEY,ARNAGE,470,4.4,8,AUTOMATIC,Z,rear wheel drive,4,Large,Sedan,24,246890
BENTLEY,AZURE,450,4.4,8,AUTOMATIC,Z,rear wheel drive,2,Large,Convertible,25.3,331656.7
BENTLEY,AZURE T,500,4.4,8,AUTOMATIC,Z,rear wheel drive,2,Large,Convertible,26.1,363000
BENTLEY,BROOKLANDS,530,4.4,8,AUTOMATIC,Z,rear wheel drive,2,Large,Coupe,24.8,340990
BENTLEY,CONTINENTAL,416.7,4.4,8,AUTOMATIC,Z,rear wheel drive,2,Large,Coupe,23.5,309596.7
BENTLEY,CONTINENTAL FLYING SPUR,552,4.4,12,AUTOMATIC,Z,all wheel drive,4,Large,Sedan,21.4,183200
BENTLEY,CONTINENTAL FLYING SPUR SPEED,600,4.4,12,AUTOMATIC,Z,all wheel drive,4,Large,Sedan,23.5,208600
BENTLEY,CONTINENTAL GT,551.3,5,9.9,AUTOMATIC,Z,all wheel drive,2,Midsize,Coupe,14.2,215978.9
BENTLEY,CONTINENTAL GT SPEED,608,3,12,AUTOMATIC,Z,all wheel drive,2,Midsize,Coupe,20.5,212350
BENTLEY,CONTINENTAL GT SPEED CONVERTIBLE,626,6,12,AUTOMATIC,Z,all wheel drive,2,Midsize,Convertible,16.5,238700
BENTLEY,CONTINENTAL GT3-R,572,4,8,AUTOMATIC,Z,all wheel drive,2,Midsize,Coupe,14.2,337000
BENTLEY,CONTINENTAL GTC,537,5,10,AUTOMATIC,Z,all wheel drive,2,Midsize,Convertible,15.4,207816.7
BENTLEY,CONTINENTAL GTC SPEED,600,3,12,AUTOMATIC,Z,all wheel drive,2,Midsize,Convertible,23.5,233750
BENTLEY,CONTINENTAL SUPERSPORTS,621,6,12,AUTOMATIC,Z,all wheel drive,2,Midsize,Coupe,16.6,267000
BENTLEY,CONTINENTAL SUPERSPORTS CONVERTIBLE,621,3,12,AUTOMATIC,Z,all wheel drive,2,Midsize,Convertible,19.6,280400
BENTLEY,FLYING SPUR,569.6,5.2,10.4,AUTOMATIC,Z,all wheel drive,4,Large,Sedan,15.5,206940
BENTLEY,MULSANNE,511.2,6.8,8,AUTOMATIC,Z,rear wheel drive,4,Large,Sedan,18.2,310475
BENTLEY,SUPERSPORTS CONVERTIBLE ISR,631,3,12,AUTOMATIC,Z,all wheel drive,2,Midsize,Convertible,19.6,291900
BMW,1 SERIES,267.5,2,6,MANUAL,Z,rear wheel drive,2,Compact,Convertible,12.5,37853.1
BMW,1 SERIES M,335,2,6,MANUAL,Z,rear wheel drive,2,Compact,Coupe,12.4,46135
BMW,2 SERIES,283.1,2,4.9,AUTOMATIC,Z,rear wheel drive,2,Compact,Coupe,10.8,41697.1
BMW,3 SERIES,230,3,4.4,AUTOMATIC,Z,all wheel drive,4,Midsize,Sedan,9.5,40897.1
BMW,3 SERIES GRAN TURISMO,269.7,3,4.9,AUTOMATIC,Z,all wheel drive,4,Midsize,4dr Hatchback,11,45250
BMW,4 SERIES,268.7,3,4.8,AUTOMATIC,Z,rear wheel drive,2,Midsize,Coupe,10.9,48984.5
BMW,4 SERIES GRAN COUPE,269.7,3,4.9,AUTOMATIC,Z,all wheel drive,4,Midsize,Sedan,10.8,44750
BMW,5 SERIES,310.1,4.4,6,AUTOMATIC,Z,all wheel drive,4,Large,Sedan,11.1,58306.2
BMW,5 SERIES GRAN TURISMO,358,4.4,6.8,AUTOMATIC,Z,all wheel drive,4,Large,4dr Hatchback,13.5,65740
BMW,6 SERIES,380,3,7,AUTOMATIC,Z,all wheel drive,2,Midsize,Convertible,12.9,87933.3
BMW,6 SERIES GRAN COUPE,380,4.4,7,AUTOMATIC,Z,all wheel drive,4,Large,Sedan,13.1,86383.3
BMW,7 SERIES,390.9,4.4,7.4,AUTOMATIC,Z,rear wheel drive,4,Large,Sedan,13.2,90662.5
BMW,8 SERIES,312,3,10.3,AUTOMATIC,X,rear wheel drive,2,Midsize,Coupe,18.5,6583
BMW,ACTIVEHYBRID 5,335,3,6,AUTOMATIC,Z,rear wheel drive,4,Large,Sedan,9.4,61800
BMW,ACTIVEHYBRID 7,345,4.4,6,AUTOMATIC,Z,rear wheel drive,4,Large,Sedan,10.7,84300
BMW,ACTIVEHYBRID X6,480,3,8,AUTOMATIC,Z,all wheel drive,4,Midsize,4dr SUV,13.8,88900
BMW,ALPINA,375,2,8,AUTOMATIC,Z,rear wheel drive,2,Compact,Convertible,18.1,136900
BMW,ALPINA B6 GRAN COUPE,580,4.4,8,AUTOMATIC,Z,all wheel drive,4,Large,Sedan,15.4,120666.7
BMW,ALPINA B7,546.7,4.4,8,AUTOMATIC,Z,all wheel drive,4,Large,Sedan,14.7,132333.3
BMW,I3,170,2,0,DIRECT_DRIVE,X,rear wheel drive,4,Compact,4dr Hatchback,1.7,42700
BMW,M,321,2,6,MANUAL,Z,rear wheel drive,2,Compact,Coupe,15.7,47314
BMW,M2,365,3,6,MANUAL,Z,rear wheel drive,2,Compact,Coupe,10.9,51700
BMW,M3,425,3,6,MANUAL,Z,rear wheel drive,4,Midsize,Sedan,11.8,63166.7
BMW,M4,425,3,6,MANUAL,Z,rear wheel drive,2,Midsize,Convertible,13.8,69583.3
BMW,M4 GTS,493,3,6,AUTOMATED_MANUAL,Z,rear wheel drive,2,Midsize,Coupe,14.7,133205
BMW,M5,557.3,4.4,8,AUTOMATED_MANUAL,Z,rear wheel drive,4,Large,Sedan,14.2,93533.3
BMW,M6,557.3,4.4,8,AUTOMATED_MANUAL,Z,rear wheel drive,2,Midsize,Convertible,14.2,116150
BMW,M6 GRAN COUPE,557.3,4.4,8,AUTOMATED_MANUAL,Z,rear wheel drive,4,Large,Sedan,14.3,116800
BMW,X1,244,2,4.3,AUTOMATIC,Z,all wheel drive,4,Compact,4dr SUV,10.8,34383.3
BMW,X3,240,3,4.5,AUTOMATIC,Z,all wheel drive,4,Midsize,4dr SUV,10.7,42237.5
BMW,X4,290.7,3,5.1,AUTOMATIC,Z,all wheel drive,4,Midsize,4dr SUV,12.2,49871.4
BMW,X5,325,3,6.5,AUTOMATIC,Z,all wheel drive,4,Midsize,4dr SUV,12.6,60308.3
BMW,X5 M,567,4.4,8,AUTOMATIC,Z,all wheel drive,4,Midsize,4dr SUV,14.6,98766.7
BMW,X6,348.3,3,6.7,AUTOMATIC,Z,all wheel drive,4,Midsize,4dr SUV,13.8,66044.4
BMW,X6 M,567,4.4,8,AUTOMATIC,Z,all wheel drive,4,Midsize,4dr SUV,14.8,102166.7
BMW,Z3,202.7,2,6,MANUAL,Z,rear wheel drive,2,Compact,Convertible,13,25358.7
BMW,Z4,291.7,2,5.3,AUTOMATED_MANUAL,Z,rear wheel drive,2,Compact,Convertible,12.4,57438.9
BMW,Z4 M,330,2,6,MANUAL,Z,rear wheel drive,2,Compact,Convertible,15.7,51250
BMW,Z8,394,2,8,MANUAL,Z,rear wheel drive,2,Compact,Convertible,19.6,129833.3
BUGATTI,VEYRON 16.4,1001,2,16,AUTOMATED_MANUAL,Z,all wheel drive,2,Compact,Coupe,29.4,1757223.7
BUICK,CASCADA,200,3,4,AUTOMATIC,Z,front wheel drive,2,Midsize,Convertible,11.8,35065
BUICK,CENTURY,175,3,6,AUTOMATIC,X,front wheel drive,4,Midsize,Sedan,13.1,21696.7
BUICK,ELECTRA,165,3,6,AUTOMATIC,X,front wheel drive,4,Midsize,Sedan,14.7,2000
BUICK,ENCLAVE,288,3.6,6,AUTOMATIC,X,front wheel drive,4,Midsize,4dr SUV,12.1,45054.7
BUICK,ENCORE,139.1,1.4,4,AUTOMATIC,X,all wheel drive,4,Compact,4dr SUV,8.5,27877.5
BUICK,ENVISION,224.5,3,4,AUTOMATIC,X,all wheel drive,4,Midsize,4dr SUV,11.3,40617.5
BUICK,ESTATE WAGON,140,4.4,8,AUTOMATIC,X,rear wheel drive,4,Large,Wagon,15.7,2000
BUICK,LACROSSE,293.3,3.6,5.8,AUTOMATIC,X,front wheel drive,4,Large,Sedan,11.9,37077
BUICK,LESABRE,205,4.4,6,AUTOMATIC,X,front wheel drive,4,Large,Sedan,13.3,29050
BUICK,LUCERNE,236.3,4.4,6.3,AUTOMATIC,X,front wheel drive,4,Large,Sedan,14.1,34554
BUICK,PARK AVENUE,222.5,4.4,6,AUTOMATIC,Z,front wheel drive,4,Large,Sedan,13.8,37714.2
BUICK,RAINIER,285.7,3,6,AUTOMATIC,X,all wheel drive,4,Midsize,4dr SUV,16.8,32945.8
BUICK,REATTA,167.5,2,6,AUTOMATIC,X,front wheel drive,2,Compact,Convertible,14.7,2000
BUICK,REGAL,249.9,2,4,AUTOMATIC,Z,front wheel drive,4,Midsize,Sedan,9.6,31872.1
BUICK,RENDEZVOUS,192,3,6,AUTOMATIC,X,front wheel drive,4,Midsize,4dr SUV,14.1,27127.5
BUICK,RIVIERA,231.2,4.4,6,AUTOMATIC,X,front wheel drive,2,Large,Coupe,14.5,2133.5
BUICK,ROADMASTER,260,4.4,8,AUTOMATIC,X,rear wheel drive,4,Large,Sedan,15.7,2044.7
BUICK,SKYLARK,152.5,3,4.5,AUTOMATIC,X,front wheel drive,3.2,Midsize,Sedan,12.5,2000
BUICK,TERRAZA,210.4,3,6,AUTOMATIC,X,front wheel drive,4,Midsize,Passenger Minivan,15.1,30005.9
BUICK,VERANO,190,2.2,4,AUTOMATIC,X,front wheel drive,4,Midsize,Sedan,9.7,24694.6
CADILLAC,ALLANTE,231.7,2,8,AUTOMATIC,X,front wheel drive,2,Compact,Convertible,17.2,2197.3
CADILLAC,ATS,286.9,2.5,4.8,AUTOMATIC,Z,rear wheel drive,4,Midsize,Sedan,9.8,42111.2
CADILLAC,ATS COUPE,296.6,2,4.9,AUTOMATIC,Z,rear wheel drive,2,Compact,Coupe,11.6,45772.1
CADILLAC,ATS-V,464,3.6,6,MANUAL,Z,rear wheel drive,3,Compact,Coupe,12.3,61680
CADILLAC,BROUGHAM,155,4.4,8,AUTOMATIC,X,rear wheel drive,4,Large,Sedan,15.7,2000
CADILLAC,CATERA,200,3,6,AUTOMATIC,X,rear wheel drive,4,Midsize,Sedan,14.7,9428.8
CADILLAC,CT6,342.4,2,5.6,AUTOMATIC,X,all wheel drive,4,Large,Sedan,9.5,66033.3
CADILLAC,CTS,314,2.8,5,AUTOMATIC,Z,rear wheel drive,4,Large,Sedan,9.9,56959.8
CADILLAC,CTS COUPE,318,3.6,6,AUTOMATIC,X,all wheel drive,2,Midsize,Coupe,11.2,44645
CADILLAC,CTS WAGON,296.2,3,6,AUTOMATIC,X,all wheel drive,4,Midsize,Wagon,13.1,45185
CADILLAC,CTS-V,612,6.2,8,AUTOMATIC,Z,rear wheel drive,4,Large,Sedan,14.1,77863.3
CADILLAC,CTS-V COUPE,556,6.2,8,MANUAL,Z,rear wheel drive,2,Midsize,Coupe,15.7,65571.7
CADILLAC,CTS-V WAGON,556,3,8,MANUAL,Z,rear wheel drive,4,Midsize,Wagon,16.8,63343.3
CADILLAC,DEVILLE,281.5,4.4,8,AUTOMATIC,X,front wheel drive,4,Large,Sedan,15,48547.5
CADILLAC,DTS,278.6,4.4,8,AUTOMATIC,Z,front wheel drive,4,Large,Sedan,15.7,51683.2
CADILLAC,ELDORADO,289.3,4.4,8,AUTOMATIC,X,front wheel drive,2,Large,Coupe,15.3,32237.7
CADILLAC,ESCALADE,420,4.4,8,AUTOMATIC,Z,four wheel drive,4,Large,4dr SUV,15.8,81037.3
CADILLAC,ESCALADE ESV,420,4.4,8,AUTOMATIC,Z,four wheel drive,4,Large,4dr SUV,15.9,84037.3
CADILLAC,ESCALADE EXT,403,4.4,8,AUTOMATIC,Z,all wheel drive,4,Large,Crew Cab Pickup,18.1,66572.2
CADILLAC,ESCALADE HYBRID,332,4.4,8,AUTOMATIC,X,four wheel drive,4,Large,4dr SUV,11.8,80522.5
CADILLAC,FLEETWOOD,260,4.4,8,AUTOMATIC,X,rear wheel drive,4,Large,Sedan,15.7,2052.7
CADILLAC,SEVILLE,285,4.4,8,AUTOMATIC,X,front wheel drive,4,Large,Sedan,14.7,47452.8
CADILLAC,SIXTY SPECIAL,200,4.4,8,AUTOMATIC,X,front wheel drive,4,Large,Sedan,15.7,2000
CADILLAC,SRX,308,3.6,6,AUTOMATIC,X,front wheel drive,4,Midsize,4dr SUV,12.3,45903.8
CADILLAC,STS,307.4,4.4,6.6,AUTOMATIC,X,rear wheel drive,4,Large,Sedan,13.8,53597.5
CADILLAC,STS-V,469,4.4,8,AUTOMATIC,Z,rear wheel drive,4,Large,Sedan,18.5,78526.7
CADILLAC,XLR,320,2,8,AUTOMATIC,X,rear wheel drive,2,Compact,Convertible,15.7,82502.9
CADILLAC,XLR-V,443,2,8,AUTOMATIC,Z,rear wheel drive,2,Compact,Convertible,17,100373.8
CADILLAC,XT5,310,3.2,6,AUTOMATIC,Z,all wheel drive,4,Midsize,4dr SUV,10.4,50010.8
CADILLAC,XTS,327.6,3.6,6,AUTOMATIC,X,all wheel drive,4,Large,Sedan,11.2,58115.6
CHEVROLET,ASTRO,190,4.4,6,AUTOMATIC,X,all wheel drive,3,Large,Passenger Minivan,18.1,25105
CHEVROLET,ASTRO CARGO,190,4.4,6,AUTOMATIC,X,all wheel drive,3,Large,Cargo Minivan,16.4,23791.7
CHEVROLET,AVALANCHE,320,4.4,8,AUTOMATIC,X,rear wheel drive,4,Large,Crew Cab Pickup,15.7,42064.7
CHEVROLET,AVEO,107.7,2,4,MANUAL,X,front wheel drive,4,Compact,4dr Hatchback,8.7,13843.3
CHEVROLET,BERETTA,140.8,3,4.7,MANUAL,X,front wheel drive,2,Midsize,Coupe,11.9,2000
CHEVROLET,BLACK DIAMOND AVALANCHE,320,4.4,8,AUTOMATIC,X,four wheel drive,4,Large,Crew Cab Pickup,15.7,41295.8
CHEVROLET,BLAZER,190,2.6,6,MANUAL,X,rear wheel drive,2.9,Compact,2dr SUV,10.1,24151.4
CHEVROLET,BOLT EV,200,2,,DIRECT_DRIVE,X,front wheel drive,4,Compact,4dr Hatchback,1.8,38762.5
CHEVROLET,C/K 1500 SERIES,205.9,4.4,6.4,MANUAL,X,four wheel drive,2,Large,Regular Cab Pickup,16.4,2902
CHEVROLET,C/K 2500 SERIES,242.5,4.4,8,MANUAL,X,rear wheel drive,2,Large,Extended Cab Pickup,18.8,3048.8
CHEVROLET,CAMARO,393.8,3.2,6.4,MANUAL,Z,rear wheel drive,2,Midsize,Coupe,10.7,38991.7
CHEVROLET,CAPRICE,225.7,4.4,8,AUTOMATIC,X,rear wheel drive,4,Large,Sedan,15.1,2000
CHEVROLET,CAPTIVA SPORT,180,3,4,AUTOMATIC,X,front wheel drive,4,Midsize,4dr SUV,11.8,26205.8
CHEVROLET,CAVALIER,140,2,4,MANUAL,X,front wheel drive,2.9,Compact,Coupe,10.4,15308
CHEVROLET,CELEBRITY,122.5,3,5,AUTOMATIC,X,front wheel drive,4,Midsize,Wagon,12.7,2000
CHEVROLET,CHEVY VAN,198.3,3,6,AUTOMATIC,X,rear wheel drive,3,Midsize,Cargo Van,17.2,2024.2
CHEVROLET,CITY EXPRESS,131,2,4,AUTOMATIC,X,front wheel drive,4,Compact,Cargo Minivan,9.4,22810
CHEVROLET,CLASSIC,140,3,4,AUTOMATIC,X,front wheel drive,4,Midsize,Sedan,10.7,19597.5
CHEVROLET,COBALT,174.5,2,4,MANUAL,X,front wheel drive,2.9,Compact,Coupe,9.8,17302.3
CHEVROLET,COLORADO,240.1,2.9,4.9,AUTOMATIC,X,rear wheel drive,3.9,Compact,Crew Cab Pickup,10.7,27664.7
CHEVROLET,CORSICA,120,2,4,AUTOMATIC,X,front wheel drive,4,Compact,Sedan,10.9,2000
CHEVROLET,CORVETTE,515.5,6.2,8,MANUAL,Z,rear wheel drive,2,Compact,Convertible,11.9,71505.3
CHEVROLET,CORVETTE STINGRAY,455,2,8,MANUAL,Z,rear wheel drive,2,Compact,Convertible,13.8,57500
CHEVROLET,CRUZE,147.4,1.5,4,AUTOMATIC,X,front wheel drive,4,Midsize,Sedan,7.7,20469.4
CHEVROLET,CRUZE LIMITED,138,1.6,4,AUTOMATIC,X,front wheel drive,4,Midsize,Sedan,8.1,20188.9
CHEVROLET,EQUINOX,182,2.5,4,AUTOMATIC,X,front wheel drive,4,Compact,4dr SUV,10.1,27577.4
CHEVROLET,EXPRESS,287.9,3,8,AUTOMATIC,X,rear wheel drive,3,Midsize,Passenger Van,21,34804.1
CHEVROLET,EXPRESS CARGO,252.5,3,7,AUTOMATIC,X,all wheel drive,3,Midsize,Cargo Van,17.4,30235
CHEVROLET,HHR,177.5,2,4,MANUAL,X,front wheel drive,4,Compact,Wagon,10.8,20762.5
CHEVROLET,IMPALA,240.8,3.1,5.2,AUTOMATIC,X,front wheel drive,4,Large,Sedan,11.3,33558.6
CHEVROLET,IMPALA LIMITED,300,4.4,6,AUTOMATIC,X,front wheel drive,4,Large,Sedan,13.1,27735
CHEVROLET,LUMINA,174,3,6,AUTOMATIC,X,front wheel drive,4,Midsize,Sedan,13.5,5406.8
CHEVROLET,LUMINA MINIVAN,140,2,6,AUTOMATIC,X,front wheel drive,3,Compact,Cargo Minivan,13.8,2000
CHEVROLET,MALIBU,196.4,1.9,4,AUTOMATIC,X,front wheel drive,4,Midsize,Sedan,8.5,25704.7
CHEVROLET,MALIBU CLASSIC,194.3,3,5.3,AUTOMATIC,X,front wheel drive,4,Midsize,Sedan,12.2,19316.7
CHEVROLET,MALIBU HYBRID,164,1.8,4,AUTOMATIC,X,front wheel drive,4,Midsize,Sedan,5.1,25040
CHEVROLET,MALIBU LIMITED,197,2.5,4,AUTOMATIC,X,front wheel drive,4,Midsize,Sedan,8.6,24346.2
CHEVROLET,MALIBU MAXX,212.2,3,6,AUTOMATIC,X,front wheel drive,4,Midsize,4dr Hatchback,12.6,21954.1
CHEVROLET,METRO,72.1,2,3.7,MANUAL,X,front wheel drive,2.9,Compact,2dr Hatchback,7.5,3502.1
CHEVROLET,MONTE CARLO,232.2,3,6.4,AUTOMATIC,X,front wheel drive,2,Midsize,Coupe,13.1,23868.6
CHEVROLET,PRIZM,125,2,4,MANUAL,X,front wheel drive,4,Compact,Sedan,8.7,10872.2
CHEVROLET,S-10,156,2,5,AUTOMATIC,X,rear wheel drive,2.7,Compact,Extended Cab Pickup,14.7,19452
CHEVROLET,S-10 BLAZER,163.9,2,6,MANUAL,X,rear wheel drive,3,Compact,2dr SUV,15.4,2000
CHEVROLET,SILVERADO 1500,310.1,4.4,6.7,AUTOMATIC,X,four wheel drive,3.4,Large,Crew Cab Pickup,13.9,38876.2
CHEVROLET,SILVERADO 1500 CLASSIC,273.8,4.4,7.6,AUTOMATIC,X,rear wheel drive,3.5,Large,Extended Cab Pickup,16.9,27336.7
CHEVROLET,SILVERADO 1500 HYBRID,332,4.4,8,AUTOMATIC,X,four wheel drive,4,Large,Crew Cab Pickup,11.8,44802.5
CHEVROLET,SONIC,138,1.6,4,AUTOMATIC,X,front wheel drive,4,Compact,Sedan,7.9,18167.5
CHEVROLET,SPARK,93.3,1.3,4,AUTOMATIC,X,front wheel drive,4,Compact,4dr Hatchback,7,14940
CHEVROLET,SPARK EV,140,2,0,DIRECT_DRIVE,X,front wheel drive,4,Compact,4dr Hatchback,1.8,25842.5
CHEVROLET,SPORTVAN,179.5,3,7,AUTOMATIC,X,rear wheel drive,3,Midsize,Passenger Van,19.3,2000
CHEVROLET,SS,415,4.4,8,AUTOMATIC,Z,rear wheel drive,4,Large,Sedan,16.8,45265
CHEVROLET,SSR,363.3,2,8,AUTOMATIC,X,rear wheel drive,2,Compact,Regular Cab Pickup,16.8,41138.3
CHEVROLET,SUBURBAN,355,5.3,8,AUTOMATIC,X,four wheel drive,4,Large,4dr SUV,14.2,57672.2
CHEVROLET,TAHOE,355,5.3,8,AUTOMATIC,X,four wheel drive,4,Large,4dr SUV,14.2,54972.2
CHEVROLET,TAHOE HYBRID,332,4.4,8,AUTOMATIC,X,four wheel drive,4,Large,4dr SUV,11.8,53647.5
CHEVROLET,TAHOE LIMITED/Z71,255,4.4,8,AUTOMATIC,X,four wheel drive,4,Large,4dr SUV,20.5,3439
CHEVROLET,TRACKER,145.5,2,5,AUTOMATIC,X,four wheel drive,3.4,Compact,4dr SUV,12.9,19742.1
CHEVROLET,TRAILBLAZER,321.5,3,6.7,AUTOMATIC,X,rear wheel drive,4,Midsize,4dr SUV,17.6,31843
CHEVROLET,TRAILBLAZER EXT,280.3,4.4,6,AUTOMATIC,X,four wheel drive,4,Large,4dr SUV,17.7,30166.7
CHEVROLET,TRAVERSE,282.6,3.4,6,AUTOMATIC,X,front wheel drive,4,Midsize,4dr SUV,11.9,36282.7
CHEVROLET,TRAX,138,1.4,4,AUTOMATIC,X,all wheel drive,4,Compact,4dr SUV,8.2,23123.6
CHEVROLET,UPLANDER,224.5,3,6,AUTOMATIC,X,front wheel drive,4,Midsize,Passenger Minivan,14.7,24609.6
CHEVROLET,VENTURE,185,3,6,AUTOMATIC,X,front wheel drive,4,Midsize,Passenger Minivan,14,26836.6
CHRYSLER,200,217.8,3,4.6,AUTOMATIC,X,front wheel drive,4,Midsize,Sedan,9.4,26582.2
CHRYSLER,300,294.7,4.2,6,AUTOMATIC,X,all wheel drive,4,Large,Sedan,10.9,38134.3
CHRYSLER,300M,251.7,4.4,6,AUTOMATIC,Z,front wheel drive,4,Large,Sedan,14.7,30600.8
CHRYSLER,ASPEN,295,4.4,8,AUTOMATIC,X,four wheel drive,4,Large,4dr SUV,16.7,35792.1
CHRYSLER,CIRRUS,168,3,6,AUTOMATIC,X,front wheel drive,4,Midsize,Sedan,14.1,2227.3
CHRYSLER,CONCORDE,228,4.4,6,AUTOMATIC,X,front wheel drive,4,Large,Sedan,13.6,25935
CHRYSLER,CROSSFIRE,234.2,2,6,MANUAL,Z,rear wheel drive,2,Compact,Convertible,15.7,36849.6
CHRYSLER,GRAND VOYAGER,158,4.4,6,AUTOMATIC,X,front wheel drive,4,Large,Passenger Minivan,14.7,2217.5
CHRYSLER,IMPERIAL,150,4.4,6,AUTOMATIC,X,front wheel drive,4,Large,Sedan,14.7,2000
CHRYSLER,LE BARON,130.9,2,5.5,AUTOMATIC,X,front wheel drive,2.7,Compact,Convertible,12.9,2000
CHRYSLER,LHS,253,4.4,6,AUTOMATIC,X,front wheel drive,4,Large,Sedan,14.7,10922.3
CHRYSLER,NEW YORKER,214,4.4,6,AUTOMATIC,X,front wheel drive,4,Large,Sedan,14.7,2000
CHRYSLER,PACIFICA,257.4,3.6,6,AUTOMATIC,X,front wheel drive,4,Large,Wagon,10.9,31424.4
CHRYSLER,PROWLER,253,2,6,AUTOMATIC,Z,rear wheel drive,2,Compact,Convertible,15.2,44625
CHRYSLER,PT CRUISER,157.5,2,4,AUTOMATIC,X,front wheel drive,3.8,Compact,Wagon,12.1,19908.1
CHRYSLER,SEBRING,187.4,3,4.7,AUTOMATIC,X,front wheel drive,3.1,Midsize,Sedan,12.1,25975.8
CHRYSLER,TC,160.7,2,5.3,AUTOMATIC,X,front wheel drive,2,Compact,Convertible,15,2000
CHRYSLER,TOWN AND COUNTRY,283,3,6,AUTOMATIC,X,front wheel drive,4,Midsize,Passenger Minivan,13.8,35130.9
CHRYSLER,VOYAGER,162.9,3,4.9,AUTOMATIC,X,front wheel drive,4,Midsize,Passenger Minivan,13.8,20951.4
DODGE,AVENGER,217,2.4,4.8,AUTOMATIC,X,front wheel drive,4,Midsize,Sedan,9.9,22825
DODGE,CALIBER,160.6,2,4,MANUAL,X,front wheel drive,4,Compact,Wagon,10.1,18739.1
DODGE,CARAVAN,167.8,4.4,5.3,AUTOMATIC,X,front wheel drive,4,Large,Passenger Minivan,13.8,20480.6
DODGE,CHALLENGER,425.8,5.2,7.6,MANUAL,X,rear wheel drive,2,Large,Coupe,12.4,39230.5
DODGE,CHARGER,401.4,3.6,7.1,AUTOMATIC,X,rear wheel drive,4,Large,Sedan,10.9,38835.7
DODGE,COLT,98.3,2,4,MANUAL,X,front wheel drive,2.8,Compact,Coupe,9,2000
DODGE,DAKOTA,217.1,2,6.2,AUTOMATIC,X,four wheel drive,4,Compact,Crew Cab Pickup,16,26955.3
DODGE,DART,172.6,2.3,4,MANUAL,X,front wheel drive,4,Midsize,Sedan,8.5,20150
DODGE,DAYTONA,137.6,2,4.4,MANUAL,X,front wheel drive,2,Compact,2dr Hatchback,12.4,2000
DODGE,DURANGO,307.6,4.4,6.4,AUTOMATIC,X,all wheel drive,4,Large,4dr SUV,13.6,39512.1
DODGE,DYNASTY,120.5,3,5,AUTOMATIC,X,front wheel drive,4,Midsize,Sedan,12.9,2000
DODGE,GRAND CARAVAN,283,3.6,6,AUTOMATIC,X,front wheel drive,4,Midsize,Passenger Minivan,11.8,27101.2
DODGE,INTREPID,225,4.4,6,AUTOMATIC,X,front wheel drive,4,Large,Sedan,13.7,23596.2
DODGE,JOURNEY,240.4,2.4,5.2,AUTOMATIC,X,front wheel drive,4,Midsize,4dr SUV,11.1,28166
DODGE,MAGNUM,304.6,4.4,7.1,AUTOMATIC,X,rear wheel drive,4,Large,Wagon,15.4,30826.9
DODGE,MONACO,150,3,6,AUTOMATIC,X,front wheel drive,4,Midsize,Sedan,15,2000
DODGE,NEON,155.1,2,4,MANUAL,X,front wheel drive,4,Compact,Sedan,10.1,16448.8
DODGE,NITRO,226.7,3,6,AUTOMATIC,X,four wheel drive,4,Midsize,4dr SUV,15,24705
DODGE,OMNI,93,2,4,MANUAL,X,front wheel drive,4,Compact,4dr Hatchback,10.7,2000
DODGE,RAM 150,183,4.4,6.8,MANUAL,X,rear wheel drive,2,Large,Regular Cab Pickup,19.6,2002.3
DODGE,RAM 250,192.6,4.4,7.7,MANUAL,X,four wheel drive,2,Large,Regular Cab Pickup,20.8,2022.2
DODGE,RAM 50 PICKUP,121.6,2,4.4,MANUAL,X,rear wheel drive,2,Compact,Regular Cab Pickup,14.2,2000
DODGE,RAM CARGO,195,4.4,6.8,AUTOMATIC,X,rear wheel drive,3,Large,Cargo Van,18.5,20806
DODGE,RAM PICKUP 1500,309.7,4.4,7.7,AUTOMATIC,X,four wheel drive,3.2,Large,Crew Cab Pickup,17.6,30622.8
DODGE,RAM VAN,197.1,3,6.8,AUTOMATIC,X,rear wheel drive,3,Midsize,Cargo Van,18.4,2200.6
DODGE,RAM WAGON,195,2,6.8,AUTOMATIC,X,rear wheel drive,3,Compact,Passenger Van,19.6,14141.6
DODGE,RAMCHARGER,213.6,3,8,AUTOMATIC,X,four wheel drive,2,Midsize,2dr SUV,21.6,2000
DODGE,SHADOW,106.9,2,4,MANUAL,X,front wheel drive,2.7,Compact,2dr Hatchback,11.1,2000
DODGE,SPIRIT,100.5,2,4,AUTOMATIC,X,front wheel drive,4,Compact,Sedan,11.6,2000
DODGE,SRT VIPER,640,2,10,MANUAL,Z,rear wheel drive,2,Compact,Coupe,19.6,102515
DODGE,STEALTH,234,2,6,MANUAL,X,front wheel drive,2,Compact,Coupe,14.1,2617.7
DODGE,STRATUS,181.5,3,5.3,AUTOMATIC,X,front wheel drive,3.3,Midsize,Sedan,12.3,21531.5
DODGE,VIPER,645,8.4,10,MANUAL,Z,rear wheel drive,2,Compact,Coupe,16.6,99709.3
FERRARI,360,401.9,2,8,AUTOMATED_MANUAL,Z,rear wheel drive,2,Compact,Coupe,23.5,161978.5
FERRARI,456M,442,2,12,AUTOMATIC,Z,rear wheel drive,2,Compact,Coupe,26.1,225027.5
FERRARI,458 ITALIA,570.8,2,8,AUTOMATED_MANUAL,Z,rear wheel drive,2,Compact,Coupe,18.1,258059.9
FERRARI,550,485,2,12,MANUAL,Z,rear wheel drive,2,Compact,Convertible,29.4,227170
FERRARI,575M,515,2,12,AUTOMATED_MANUAL,Z,rear wheel drive,2,Compact,Coupe,26.1,221966.3
FERRARI,599,621,3,12,AUTOMATED_MANUAL,Z,rear wheel drive,2,Midsize,Coupe,21.4,334449.2
FERRARI,612 SCAGLIETTI,532,4.4,12,AUTOMATED_MANUAL,Z,rear wheel drive,2,Large,Coupe,26.1,313088
FERRARI,CALIFORNIA,473,2,8,AUTOMATED_MANUAL,Z,rear wheel drive,2,Compact,Convertible,18.1,197406.7
FERRARI,CALIFORNIA T,553,2,8,AUTOMATED_MANUAL,Z,rear wheel drive,2,Compact,Convertible,14.7,198973
FERRARI,ENZO,660,2,12,AUTOMATED_MANUAL,Z,rear wheel drive,2,Compact,Coupe,33.6,643330
FERRARI,F12 BERLINETTA,731,3,12,AUTOMATED_MANUAL,Z,rear wheel drive,2,Midsize,Coupe,21.4,317257
FERRARI,F430,483,2,8,AUTOMATED_MANUAL,Z,rear wheel drive,2,Compact,Coupe,21.4,205580.2
FERRARI,FF,651,4.4,12,AUTOMATED_MANUAL,Z,all wheel drive,2,Large,Coupe,21.4,295000
FERRARI,SUPERAMERICA,532,2,12,AUTOMATED_MANUAL,Z,rear wheel drive,2,Compact,Convertible,26.1,287625
FIAT,124 SPIDER,160,1.4,4,MANUAL,Z,rear wheel drive,2,Compact,Convertible,8,26895
FIAT,500,116.1,1.4,4,MANUAL,Z,front wheel drive,2,Compact,2dr Hatchback,8.3,20449.8
FIAT,500L,160,1.4,4,MANUAL,Z,front wheel drive,4,Compact,Wagon,9,22120.8
FIAT,500X,177.3,1.9,4,AUTOMATIC,X,front wheel drive,4,Compact,4dr SUV,8.8,24620.3
FORD,AEROSTAR,142.2,4.4,6,AUTOMATIC,X,rear wheel drive,3,Large,Passenger Minivan,15.9,2000
FORD,ASPIRE,63,2,4,MANUAL,X,front wheel drive,2.9,Compact,2dr Hatchback,7.9,2000
FORD,BRONCO,196.3,3,8,MANUAL,X,four wheel drive,2,Midsize,2dr SUV,19.4,2697
FORD,BRONCO II,140,2,6,MANUAL,X,four wheel drive,2,Compact,2dr SUV,15.2,2000
FORD,C-MAX HYBRID,188,2,4,AUTOMATIC,X,front wheel drive,4,Compact,Wagon,6,25653.3
FORD,CONTOUR,130.6,3,4.2,MANUAL,X,front wheel drive,4,Midsize,Sedan,11.4,2009.9
FORD,CONTOUR SVT,198.3,3,6,MANUAL,X,front wheel drive,4,Midsize,Sedan,13.6,2764.7
FORD,CROWN VICTORIA,229,4.4,8,AUTOMATIC,X,rear wheel drive,4,Large,Sedan,14.7,29671.7
FORD,E-150,183,3,6,AUTOMATIC,X,rear wheel drive,3,Midsize,Passenger Van,19.6,2077.1
FORD,E-250,195.8,4.4,6,AUTOMATIC,X,rear wheel drive,3,Large,Cargo Van,19.9,2018.7
FORD,E-SERIES VAN,235,4.4,8,AUTOMATIC,X,rear wheel drive,3,Large,Cargo Van,18.5,29893.6
FORD,E-SERIES WAGON,245,3,8,AUTOMATIC,X,rear wheel drive,3,Midsize,Passenger Van,20.1,33477.5
FORD,EDGE,257.7,2.6,4.4,AUTOMATIC,Z,all wheel drive,4,Midsize,4dr SUV,10.4,34236.8
FORD,ESCAPE,175.3,1.9,4,AUTOMATIC,Z,front wheel drive,4,Compact,4dr SUV,9.2,27458.7
FORD,ESCAPE HYBRID,177,2.5,4,AUTOMATIC,X,all wheel drive,4,Compact,4dr SUV,5.8,32125
FORD,ESCORT,125.6,2,4,MANUAL,X,front wheel drive,2.4,Compact,Coupe,10.3,13867.2
FORD,EXPEDITION,365,4.4,6,AUTOMATIC,X,four wheel drive,4,Large,4dr SUV,15.7,56883.4
FORD,EXPLORER,305.4,2.2,5.8,AUTOMATIC,X,all wheel drive,4,Midsize,4dr SUV,10.6,38451.3
FORD,EXPLORER SPORT,203,3,6,AUTOMATIC,X,four wheel drive,2,Midsize,2dr SUV,16.4,24422.2
FORD,EXPLORER SPORT TRAC,243.4,2,6.8,AUTOMATIC,X,rear wheel drive,4,Compact,Crew Cab Pickup,17.3,30261.1
FORD,F-150,331.9,3.4,6.7,AUTOMATIC,X,four wheel drive,3.6,Large,Crew Cab Pickup,11.5,40747
FORD,F-150 HERITAGE,210.7,4.4,6.6,MANUAL,X,four wheel drive,2.8,Large,Regular Cab Pickup,16.9,24145.8
FORD,F-150 SVT LIGHTNING,320,4.4,8,AUTOMATIC,X,rear wheel drive,2,Large,Regular Cab Pickup,20.1,5353
FORD,F-250,220,4.4,8,MANUAL,X,four wheel drive,2.7,Large,Extended Cab Pickup,18.8,3280
FORD,FESTIVA,63,2,4,MANUAL,X,front wheel drive,2,Compact,2dr Hatchback,7.8,2000
FORD,FIESTA,131,1.6,4,MANUAL,X,front wheel drive,4,Compact,4dr Hatchback,7.7,17126.4
FORD,FIVE HUNDRED,203,4.4,6,AUTOMATIC,X,all wheel drive,4,Large,Sedan,13.1,25303.8
FORD,FLEX,300,3.5,6,AUTOMATIC,X,all wheel drive,4,Large,Wagon,12.3,36120.8
FORD,FOCUS,157.8,1.5,3.4,AUTOMATED_MANUAL,X,front wheel drive,4,Compact,4dr Hatchback,7.8,21790.5
FORD,FOCUS RS,350,2,4,MANUAL,Z,all wheel drive,4,Compact,4dr Hatchback,12.4,36120
FORD,FOCUS ST,252,2,4,MANUAL,Z,front wheel drive,4,Compact,4dr Hatchback,9.3,24523.3
FORD,FREESTAR,199,3,6,AUTOMATIC,X,front wheel drive,4,Midsize,Passenger Minivan,15.1,25788.9
FORD,FREESTYLE,203,4.4,6,AUTOMATIC,X,all wheel drive,4,Large,Wagon,13.4,27838.8
FORD,FUSION,211.2,1.9,4,AUTOMATIC,X,front wheel drive,4,Midsize,Sedan,8.9,28807.9
FORD,FUSION HYBRID,188,2,4,AUTOMATIC,X,front wheel drive,4,Midsize,Sedan,5.6,29005.5
FORD,GT,550,3.5,8,MANUAL,Z,rear wheel drive,2,Compact,Coupe,17,149995
FORD,LTD CROWN VICTORIA,150,4.4,8,AUTOMATIC,X,rear wheel drive,4,Large,Wagon,15.7,2000
FORD,MUSTANG,360,3.8,6.1,MANUAL,Z,rear wheel drive,2,Midsize,Coupe,11.2,32520.6
FORD,MUSTANG SVT COBRA,310,2,8,MANUAL,X,rear wheel drive,2,Compact,Convertible,15,4041
FORD,PROBE,135.2,2,4.8,MANUAL,X,front wheel drive,2,Compact,2dr Hatchback,11.1,2000
FORD,RANGER,179.3,2,5.1,MANUAL,X,rear wheel drive,2.7,Compact,Extended Cab Pickup,13.1,21340.1
FORD,SHELBY GT350,526,3,8,MANUAL,Z,rear wheel drive,2,Midsize,Coupe,16.4,55711.7
FORD,SHELBY GT500,639.6,3,8,MANUAL,Z,rear wheel drive,2,Midsize,Coupe,15.7,55486
FORD,TAURUS,300.8,2,6,AUTOMATIC,X,all wheel drive,4,Large,Sedan,9.6,33592.5
FORD,TAURUS X,261.5,4.4,6,AUTOMATIC,X,all wheel drive,4,Large,Wagon,14.9,30837.5
FORD,TEMPO,104,2,4.4,MANUAL,X,front wheel drive,3.3,Compact,Sedan,11.4,2000
FORD,THUNDERBIRD,280,3,8,AUTOMATIC,Z,rear wheel drive,2,Midsize,Convertible,14.9,38502.5
FORD,TRANSIT CONNECT,169,2,4,AUTOMATIC,X,front wheel drive,4,Compact,Cargo Minivan,9.7,25110.8
FORD,TRANSIT WAGON,277.9,4.4,6,AUTOMATIC,X,rear wheel drive,3,Large,Passenger Van,16.8,37716.2
FORD,WINDSTAR,200,3,6,AUTOMATIC,X,front wheel drive,3.9,Midsize,Passenger Minivan,14.7,28443.6
FORD,WINDSTAR CARGO,200,3,6,AUTOMATIC,X,front wheel drive,3,Midsize,Cargo Minivan,14.7,20626.7
GENESIS,G80,347.3,4.4,6.7,AUTOMATIC,X,rear wheel drive,4,Large,Sedan,14.4,46616.7
GMC,ACADIA,270.1,3.1,5.6,AUTOMATIC,X,front wheel drive,4,Midsize,4dr SUV,11.1,40086.4
GMC,ACADIA LIMITED,281,3,6,AUTOMATIC,X,all wheel drive,4,Midsize,4dr SUV,15.7,44850
GMC,CANYON,239.9,2.9,4.8,AUTOMATIC,X,rear wheel drive,3.8,Compact,Crew Cab Pickup,10.7,28899.2
GMC,ENVOY,291.6,3,6.7,AUTOMATIC,X,four wheel drive,4,Midsize,4dr SUV,16.9,33076.7
GMC,ENVOY XL,285.2,4.4,6.5,AUTOMATIC,X,four wheel drive,4,Large,4dr SUV,18,33925.9
GMC,ENVOY XUV,275,4.4,6,AUTOMATIC,X,four wheel drive,4,Large,4dr SUV,18.8,32947.5
GMC,JIMMY,190,3,6,AUTOMATIC,X,four wheel drive,3.2,Midsize,4dr SUV,16.6,11239.9
GMC,RALLY WAGON,171.7,2,6.7,AUTOMATIC,X,rear wheel drive,3,Compact,Passenger Van,18.5,2000
GMC,S-15,131.1,2,4.9,MANUAL,X,rear wheel drive,2,Compact,Regular Cab Pickup,12.9,2000
GMC,S-15 JIMMY,153.3,2,6,MANUAL,X,four wheel drive,2.7,Compact,2dr SUV,16.1,2000
GMC,SAFARI,190,4.4,6,AUTOMATIC,X,all wheel drive,3,Large,Passenger Minivan,18.1,25105
GMC,SAFARI CARGO,190,4.4,6,AUTOMATIC,X,all wheel drive,3,Large,Cargo Minivan,16.4,23791.7
GMC,SAVANA,287.1,3,8,AUTOMATIC,X,rear wheel drive,3,Midsize,Passenger Van,21,34804.1
GMC,SAVANA CARGO,280.4,3,7.9,AUTOMATIC,X,rear wheel drive,3,Midsize,Cargo Van,20.6,31863.2
GMC,SIERRA 1500,314.6,4.4,6.8,AUTOMATIC,X,four wheel drive,3.5,Large,Crew Cab Pickup,14,40312.1
GMC,SIERRA 1500 CLASSIC,279.3,4.4,7.7,AUTOMATIC,X,four wheel drive,3.5,Large,Extended Cab Pickup,16.9,27964.8
GMC,SIERRA 1500 HYBRID,332,4.4,8,AUTOMATIC,X,four wheel drive,4,Large,Crew Cab Pickup,11.8,45193.3
GMC,SIERRA 1500HD,300,4.4,8,AUTOMATIC,X,four wheel drive,4,Large,Crew Cab Pickup,18.1,33126.7
GMC,SIERRA C3,325,4.4,8,AUTOMATIC,X,all wheel drive,4,Large,Extended Cab Pickup,23.5,38370
GMC,SIERRA CLASSIC 1500,200,4.4,8,AUTOMATIC,X,four wheel drive,3,Large,Extended Cab Pickup,18.8,4567
GMC,SONOMA,147.2,2,4.8,AUTOMATIC,X,rear wheel drive,2.7,Compact,Extended Cab Pickup,14.5,18098.1
GMC,SUBURBAN,255,4.4,8,AUTOMATIC,X,rear wheel drive,4,Large,4dr SUV,19.9,2947.7
GMC,SYCLONE,280,2,6,AUTOMATIC,X,all wheel drive,2,Compact,Regular Cab Pickup,18.1,5667
GMC,TERRAIN,182,2.5,4,AUTOMATIC,X,front wheel drive,4,Compact,4dr SUV,10.1,30442.6
GMC,TYPHOON,285,2,6,AUTOMATIC,X,all wheel drive,2,Compact,2dr SUV,17.4,6392.5
GMC,VANDURA,174.5,3,6.2,AUTOMATIC,X,rear wheel drive,3,Midsize,Cargo Van,16.2,2000
GMC,YUKON,376.7,5.3,8,AUTOMATIC,X,four wheel drive,4,Large,4dr SUV,14.2,58270.6
GMC,YUKON DENALI,255,4.4,8,AUTOMATIC,X,four wheel drive,4,Large,4dr SUV,21.4,3949
GMC,YUKON HYBRID,332,4.4,8,AUTOMATIC,X,four wheel drive,4,Large,4dr SUV,11.8,57979.6
GMC,YUKON XL,376.7,5.3,8,AUTOMATIC,X,four wheel drive,4,Large,4dr SUV,14.2,60970.6
HONDA,ACCORD,211.6,2.3,4.6,AUTOMATIC,X,front wheel drive,3.1,Midsize,Sedan,8.5,27886.1
HONDA,ACCORD CROSSTOUR,271,3,6,AUTOMATIC,X,front wheel drive,4,Midsize,4dr Hatchback,13.2,33610
HONDA,ACCORD HYBRID,201,2,4,AUTOMATIC,X,front wheel drive,4,Midsize,Sedan,5,32316.1
HONDA,ACCORD PLUG-IN HYBRID,196,3,4,AUTOMATIC,X,front wheel drive,4,Midsize,Sedan,5,39780
HONDA,CIVIC,162,1.8,4,AUTOMATIC,X,front wheel drive,3.3,Compact,Sedan,7.3,22517.9
HONDA,CIVIC CRX,87.3,2,4,MANUAL,X,front wheel drive,2,Compact,2dr Hatchback,8.1,2000
HONDA,CIVIC DEL SOL,130.1,2,4,MANUAL,X,front wheel drive,2,Compact,Coupe,9.1,2136.4
HONDA,CR-V,185,1.9,4,AUTOMATIC,X,all wheel drive,4,Compact,4dr SUV,8,27968.4
HONDA,CR-Z,130,1.5,4,AUTOMATIC,X,front wheel drive,2,Compact,2dr Hatchback,6.8,22288.9
HONDA,CROSSTOUR,245.8,3,5.2,AUTOMATIC,X,front wheel drive,4,Midsize,4dr Hatchback,11.5,33063.8
HONDA,ELEMENT,166,2,4,AUTOMATIC,X,front wheel drive,4,Compact,4dr SUV,12.1,23146
HONDA,FIT,130,1.5,4,AUTOMATIC,X,front wheel drive,4,Compact,4dr Hatchback,7,18338.3
HONDA,HR-V,141,1.8,4,AUTOMATIC,X,front wheel drive,4,Compact,4dr SUV,7.9,22315
HONDA,INSIGHT,98,2,4,AUTOMATIC,X,front wheel drive,4,Compact,4dr Hatchback,5.7,21192.5
HONDA,ODYSSEY,248,3.5,6,AUTOMATIC,X,front wheel drive,4,Large,Passenger Minivan,10.6,36879
HONDA,PASSPORT,205,3,6,AUTOMATIC,X,four wheel drive,4,Midsize,4dr SUV,15.7,22185.7
HONDA,PILOT,271.2,3.5,6,AUTOMATIC,X,front wheel drive,4,Midsize,4dr SUV,11.1,36904.2
HONDA,PRELUDE,199.3,2,4,MANUAL,X,front wheel drive,2,Compact,Coupe,11.8,12568.9
HONDA,RIDGELINE,265.7,4.4,6,AUTOMATIC,X,four wheel drive,4,Large,Crew Cab Pickup,14,34248.7
HONDA,S2000,237,2,4,MANUAL,Z,rear wheel drive,2,Compact,Convertible,13.1,36019.3
HUMMER,H3,258.5,3,5.9,AUTOMATIC,X,four wheel drive,4,Midsize,4dr SUV,17.4,37749
HUMMER,H3T,265.1,2,6.3,AUTOMATIC,X,four wheel drive,4,Compact,Crew Cab Pickup,17.3,34629.3
HYUNDAI,ACCENT,137.3,1.6,4,AUTOMATIC,X,front wheel drive,4,Compact,4dr Hatchback,7.5,15911.7
HYUNDAI,AZERA,293,3,6,AUTOMATIC,X,front wheel drive,4,Midsize,Sedan,12.1,36500
HYUNDAI,ELANTRA,155.9,1.9,4,AUTOMATIC,X,front wheel drive,4,Compact,Sedan,8,20437.5
HYUNDAI,ELANTRA COUPE,152.6,2,4,AUTOMATIC,X,front wheel drive,2,Compact,Coupe,8.3,19458.8
HYUNDAI,ELANTRA GT,173,1.9,4,AUTOMATIC,X,front wheel drive,4,Compact,4dr Hatchback,8.7,19300
HYUNDAI,ELANTRA TOURING,138,2,4,AUTOMATIC,X,front wheel drive,4,Compact,4dr Hatchback,10.2,18161.7
HYUNDAI,ENTOURAGE,245.2,3,6,AUTOMATIC,X,front wheel drive,4,Midsize,Passenger Minivan,14.7,26615
HYUNDAI,EQUUS,429,5,8,AUTOMATIC,Z,rear wheel drive,4,Large,Sedan,13.3,65041.7
HYUNDAI,EXCEL,81,2,4,MANUAL,X,front wheel drive,2.9,Compact,2dr Hatchback,9.5,2000
HYUNDAI,GENESIS,355.8,3.8,6.8,AUTOMATIC,X,rear wheel drive,4,Large,Sedan,11.1,43306.2
HYUNDAI,GENESIS COUPE,335.7,3.8,5.7,AUTOMATIC,Z,rear wheel drive,2,Midsize,Coupe,12.2,30577.8
HYUNDAI,SANTA FE,290,3,6,AUTOMATIC,X,all wheel drive,4,Midsize,4dr SUV,10.8,35030.6
HYUNDAI,SANTA FE SPORT,236.6,2.4,4,AUTOMATIC,X,all wheel drive,4,Midsize,4dr SUV,10.2,30525
HYUNDAI,SCOUPE,99.7,2,4,MANUAL,X,front wheel drive,2,Compact,Coupe,10.1,2000
HYUNDAI,SONATA,200.9,2.2,4,AUTOMATIC,X,front wheel drive,4,Midsize,Sedan,8.6,25707.6
HYUNDAI,SONATA HYBRID,194.5,2.1,4,AUTOMATIC,X,front wheel drive,4,Midsize,Sedan,5.8,28487.5
HYUNDAI,TIBURON,161.8,2,5.4,MANUAL,X,front wheel drive,2,Compact,2dr Hatchback,13.1,19910
HYUNDAI,TUCSON,173.8,2,4,AUTOMATED_MANUAL,X,all wheel drive,4,Compact,4dr SUV,9.4,25970.8
HYUNDAI,VELOSTER,165,1.7,4,MANUAL,X,front wheel drive,3,Compact,2dr Hatchback,7.9,20928.3
HYUNDAI,VERACRUZ,260,3,6,AUTOMATIC,X,all wheel drive,4,Midsize,4dr SUV,14.3,32220
HYUNDAI,XG300,192,3,6,AUTOMATIC,X,front wheel drive,4,Midsize,Sedan,13.8,24249
HYUNDAI,XG350,194,3,6,AUTOMATIC,X,front wheel drive,4,Midsize,Sedan,15.4,25099
INFINITI,EX,306.3,3,6,AUTOMATIC,Z,all wheel drive,4,Midsize,4dr SUV,13.8,37808.3
INFINITI,EX35,297,3,6,AUTOMATIC,Z,all wheel drive,4,Midsize,4dr SUV,14.3,35191.7
INFINITI,FX,332.7,3,6.5,AUTOMATIC,Z,all wheel drive,4,Midsize,4dr SUV,15.2,50104.5
INFINITI,FX35,293.7,3,6,AUTOMATIC,Z,all wheel drive,4,Midsize,4dr SUV,15,41750
INFINITI,FX45,320,3,8,AUTOMATIC,Z,all wheel drive,4,Midsize,4dr SUV,18.1,49900
INFINITI,FX50,390,3,8,AUTOMATIC,Z,all wheel drive,4,Midsize,4dr SUV,16.8,58700
INFINITI,G CONVERTIBLE,327.2,3,6,AUTOMATIC,Z,rear wheel drive,2,Midsize,Convertible,14.2,51750
INFINITI,G COUPE,336.4,3,6,AUTOMATIC,Z,rear wheel drive,2,Midsize,Coupe,13,44408.8
INFINITI,G SEDAN,299.3,3,6,AUTOMATIC,Z,rear wheel drive,4,Midsize,Sedan,12.6,38393.5
INFINITI,G20,145,2,4,MANUAL,X,front wheel drive,4,Compact,Sedan,11.4,17608.8
INFINITI,G35,297.4,3,6,AUTOMATIC,Z,rear wheel drive,3.5,Midsize,Sedan,13.9,32884.4
INFINITI,G37,328.6,3,6,AUTOMATIC,Z,rear wheel drive,2.6,Midsize,Coupe,13.4,36900
INFINITI,G37 CONVERTIBLE,325,3,6,AUTOMATIC,Z,rear wheel drive,2,Midsize,Convertible,14.1,48733.3
INFINITI,G37 COUPE,330,3,6,AUTOMATIC,Z,rear wheel drive,2,Midsize,Coupe,12.8,40730
INFINITI,G37 SEDAN,328,3,6,AUTOMATIC,Z,rear wheel drive,4,Midsize,Sedan,12.9,37941.7
INFINITI,I30,214.7,3,6,AUTOMATIC,X,front wheel drive,4,Midsize,Sedan,13.4,11904.3
INFINITI,I35,255,3,6,AUTOMATIC,Z,front wheel drive,4,Midsize,Sedan,13.8,29483.3
INFINITI,J30,210,3,6,AUTOMATIC,X,rear wheel drive,4,Midsize,Sedan,14.7,2027.7
INFINITI,JX,265,4.4,6,AUTOMATIC,Z,all wheel drive,4,Large,4dr SUV,13.1,41950
INFINITI,M,372,4.4,6.8,AUTOMATIC,Z,rear wheel drive,4,Large,Sedan,12.5,55135
INFINITI,M30,162,3,6,AUTOMATIC,X,rear wheel drive,2,Midsize,Coupe,13.8,2000
INFINITI,M35,289,4.4,6,AUTOMATIC,Z,all wheel drive,4,Large,Sedan,14.4,46175
INFINITI,M37,330,4.4,6,AUTOMATIC,Z,all wheel drive,4,Large,Sedan,13.4,48125
INFINITI,M45,325,4.4,8,AUTOMATIC,Z,all wheel drive,4,Large,Sedan,15.7,52766.7
INFINITI,M56,420,4.4,8,AUTOMATIC,Z,all wheel drive,4,Large,Sedan,14.7,59700
INFINITI,Q40,328,3,6,AUTOMATIC,Z,all wheel drive,4,Midsize,Sedan,12.7,34750
INFINITI,Q45,340,4.4,8,AUTOMATIC,X,rear wheel drive,4,Large,Sedan,14.9,57125
INFINITI,Q50,303.6,3.1,5.4,AUTOMATIC,Z,all wheel drive,4,Midsize,Sedan,10,43130.6
INFINITI,Q60 CONVERTIBLE,331,3.7,6,AUTOMATIC,Z,rear wheel drive,2,Midsize,Convertible,12,54683.3
INFINITI,Q60 COUPE,309.3,3.7,5.6,AUTOMATIC,Z,rear wheel drive,2,Midsize,Coupe,11.4,45647.2
INFINITI,Q70,372.7,4.6,6.9,AUTOMATIC,Z,rear wheel drive,4,Large,Sedan,11.7,57760.9
INFINITI,QX,400,4.4,8,AUTOMATIC,Z,four wheel drive,4,Large,4dr SUV,16.8,62225
INFINITI,QX4,240,3,6,AUTOMATIC,Z,four wheel drive,4,Midsize,4dr SUV,17,35050
INFINITI,QX50,325,3,6,AUTOMATIC,Z,all wheel drive,4,Midsize,4dr SUV,13.8,36025
INFINITI,QX56,346.7,4.4,8,AUTOMATIC,Z,four wheel drive,4,Large,4dr SUV,18.5,58150
INFINITI,QX60,261,3.5,5.2,AUTOMATIC,Z,all wheel drive,4,Large,4dr SUV,10.4,45890
INFINITI,QX70,325,3,6,AUTOMATIC,Z,all wheel drive,4,Midsize,4dr SUV,14.3,46633.3
INFINITI,QX80,400,4.4,8,AUTOMATIC,Z,four wheel drive,4,Large,4dr SUV,17.2,68078.6
KIA,AMANTI,264,3,6,AUTOMATIC,X,front wheel drive,4,Midsize,Sedan,13.8,25678.3
KIA,BORREGO,309.9,3,7.1,AUTOMATIC,X,four wheel drive,4,Midsize,4dr SUV,15,31722.8
KIA,CADENZA,291.9,3.3,6,AUTOMATIC,X,front wheel drive,4,Midsize,Sedan,10.5,38392.5
KIA,FORTE,175.2,1.9,4,AUTOMATIC,X,front wheel drive,3.5,Compact,4dr Hatchback,8,19895
KIA,K900,376.4,4.4,7.2,AUTOMATIC,Z,rear wheel drive,4,Large,Sedan,12.5,56040
KIA,OPTIMA,216.7,2.2,4,AUTOMATIC,X,front wheel drive,4,Midsize,Sedan,8.8,27312.4
KIA,OPTIMA HYBRID,196.7,2.2,4,AUTOMATIC,X,front wheel drive,4,Midsize,Sedan,5.9,28885.8
KIA,RIO,138,1.6,4,AUTOMATIC,X,front wheel drive,4,Compact,Sedan,7.5,16810.2
KIA,RONDO,173.9,2,4.8,AUTOMATIC,X,front wheel drive,4,Compact,Wagon,9.2,18948.3
KIA,SEDONA,276,3.3,6,AUTOMATIC,X,front wheel drive,4,Midsize,Passenger Minivan,11.6,32976.7
KIA,SEPHIA,125,2,4,MANUAL,X,front wheel drive,4,Compact,Sedan,11.5,7066.2
KIA,SORENTO,260.3,2.6,5.3,AUTOMATIC,X,front wheel drive,4,Midsize,4dr SUV,10.3,33765.3
KIA,SOUL,147,1.8,4,AUTOMATIC,X,front wheel drive,4,Compact,Wagon,8.7,18046.7
KIA,SPECTRA,138,2,4,MANUAL,X,front wheel drive,4,Compact,Sedan,10.1,15726.7
KIA,SPORTAGE,205.4,2.4,4,AUTOMATIC,X,all wheel drive,4,Compact,4dr SUV,10.1,26725.6
LAMBORGHINI,AVENTADOR,715,3,12,AUTOMATED_MANUAL,Z,all wheel drive,2,Midsize,Convertible,22.2,470050
LAMBORGHINI,DIABLO,550,2,12,MANUAL,Z,all wheel drive,2,Compact,Coupe,26.1,294900
LAMBORGHINI,GALLARDO,560.8,2,10,MANUAL,Z,all wheel drive,2,Compact,Coupe,18.4,219844
LAMBORGHINI,HURACAN,602.5,5.2,10,AUTOMATED_MANUAL,Z,all wheel drive,2,Compact,Coupe,14.3,234475
LAMBORGHINI,MURCIELAGO,635.8,2,12,AUTOMATED_MANUAL,Z,all wheel drive,2,Compact,Coupe,27.4,374666.7
LAMBORGHINI,REVENTON,650,2,12,AUTOMATED_MANUAL,Z,all wheel drive,2,Compact,Coupe,26.1,1500000
LAND ROVER,DEFENDER,182,2,8,AUTOMATIC,X,four wheel drive,2,Compact,2dr SUV,19.6,33761.2
LAND ROVER,DISCOVERY,217,3,8,AUTOMATIC,Z,four wheel drive,4,Midsize,4dr SUV,13.3,37791.7
LAND ROVER,DISCOVERY SERIES II,188,3,8,AUTOMATIC,Z,four wheel drive,4,Midsize,4dr SUV,19.6,29518.5
LAND ROVER,DISCOVERY SPORT,240,2,4,AUTOMATIC,Z,all wheel drive,4,Midsize,4dr SUV,10.6,41784.4
LAND ROVER,FREELANDER,174,2,6,AUTOMATIC,X,all wheel drive,3.3,Compact,4dr SUV,15.1,27149.4
LAND ROVER,LR2,240,2,4,AUTOMATIC,Z,all wheel drive,4,Compact,4dr SUV,11.9,39066.7
LAND ROVER,LR3,300,3,8,AUTOMATIC,Z,four wheel drive,4,Midsize,4dr SUV,19.6,49508.3
LAND ROVER,LR4,340,3,6,AUTOMATIC,Z,four wheel drive,4,Midsize,4dr SUV,14.4,56607.9
LAND ROVER,RANGE ROVER,449.1,3,7.3,AUTOMATIC,Z,four wheel drive,4,Large,4dr SUV,12.4,118229.6
LAND ROVER,RANGE ROVER EVOQUE,240,2,4,AUTOMATIC,Z,all wheel drive,3.4,Compact,4dr SUV,9.7,50522.3
LAND ROVER,RANGE ROVER SPORT,428.2,3,7.1,AUTOMATIC,Z,four wheel drive,4,Midsize,4dr SUV,12.4,80022.7
LEXUS,CT 200H,134,1.8,4,AUTOMATIC,X,front wheel drive,4,Compact,4dr Hatchback,5.7,31566.7
LEXUS,ES 250,156,2,6,MANUAL,X,front wheel drive,4,Compact,Sedan,13.8,2000
LEXUS,ES 300,210,3,6,AUTOMATIC,X,front wheel drive,4,Midsize,Sedan,13.3,31578.3
LEXUS,ES 300H,200,2.5,4,AUTOMATIC,X,front wheel drive,4,Midsize,Sedan,5.7,41140
LEXUS,ES 330,222.7,3,6,AUTOMATIC,X,front wheel drive,4,Midsize,Sedan,13.1,32066.7
LEXUS,ES 350,268,3.5,6,AUTOMATIC,X,front wheel drive,4,Midsize,Sedan,9.5,38785
LEXUS,GS 200T,241,2,4,AUTOMATIC,Z,rear wheel drive,4,Midsize,Sedan,9,49797.5
LEXUS,GS 300,232.5,3,6,AUTOMATIC,Z,rear wheel drive,4,Midsize,Sedan,13.4,41500
LEXUS,GS 350,309.2,3.5,6,AUTOMATIC,Z,rear wheel drive,4,Midsize,Sedan,10.4,52623.6
LEXUS,GS 400,300,3,8,AUTOMATIC,X,rear wheel drive,4,Midsize,Sedan,15,3749.3
LEXUS,GS 430,296.7,3,8,AUTOMATIC,Z,rear wheel drive,4,Midsize,Sedan,14.7,50575
LEXUS,GS 450H,338,3.5,6,AUTOMATIC,Z,rear wheel drive,4,Midsize,Sedan,7.5,61613.3
LEXUS,GS 460,342,3,8,AUTOMATIC,Z,rear wheel drive,4,Midsize,Sedan,13.8,54303.3
LEXUS,GS F,467,5,8,AUTOMATIC,Z,rear wheel drive,4,Midsize,Sedan,12.5,84440
LEXUS,GX 460,301,4.6,8,AUTOMATIC,Z,four wheel drive,4,Midsize,4dr SUV,14.3,56299.2
LEXUS,GX 470,263,3,8,AUTOMATIC,Z,four wheel drive,4,Midsize,4dr SUV,16.8,47188.3
LEXUS,HS 250H,187,3,4,AUTOMATIC,X,front wheel drive,4,Midsize,Sedan,6.7,37388.3
LEXUS,IS 200T,241,2,4,AUTOMATIC,Z,rear wheel drive,4,Midsize,Sedan,9,37575
LEXUS,IS 250,204,2.5,6,AUTOMATIC,Z,all wheel drive,4,Midsize,Sedan,9.6,38511.2
LEXUS,IS 250 C,204,2.5,6,AUTOMATIC,Z,rear wheel drive,2,Compact,Convertible,9.6,42943.3
LEXUS,IS 300,231,2,6,AUTOMATIC,Z,rear wheel drive,4,Compact,Sedan,9.4,34369
LEXUS,IS 350,306,3.5,6,AUTOMATIC,Z,all wheel drive,4,Midsize,Sedan,10.6,41289.2
LEXUS,IS 350 C,306,3.5,6,AUTOMATIC,Z,rear wheel drive,2,Compact,Convertible,10.6,47223.3
LEXUS,IS F,416,5,8,AUTOMATIC,Z,rear wheel drive,4,Midsize,Sedan,12.6,62216.7
LEXUS,LFA,552,2,10,AUTOMATED_MANUAL,Z,rear wheel drive,2,Compact,Coupe,21.4,375000
LEXUS,LS 400,290,3,8,AUTOMATIC,X,rear wheel drive,4,Midsize,Sedan,14.4,4599.3
LEXUS,LS 430,286,4.4,8,AUTOMATIC,Z,rear wheel drive,4,Large,Sedan,14.7,56041.7
LEXUS,LS 460,372.9,4.6,8,AUTOMATIC,Z,all wheel drive,4,Large,Sedan,12.3,78523.6
LEXUS,LS 600H L,438,5,8,AUTOMATIC,Z,all wheel drive,4,Large,Sedan,11.5,120313.3
LEXUS,LX 450,212,3,6,AUTOMATIC,X,four wheel drive,4,Midsize,4dr SUV,19.6,3974.5
LEXUS,LX 470,259.3,3,8,AUTOMATIC,X,four wheel drive,4,Midsize,4dr SUV,19.6,66671.7
LEXUS,LX 570,383,5.7,8,AUTOMATIC,Z,four wheel drive,4,Large,4dr SUV,16.2,87146.7
LEXUS,NX 200T,235,3,4,AUTOMATIC,Z,all wheel drive,4,Midsize,4dr SUV,10.8,36593.3
LEXUS,NX 300H,194,3,4,AUTOMATIC,X,all wheel drive,4,Midsize,4dr SUV,7,40356
LEXUS,RC 200T,241,2,4,AUTOMATIC,Z,rear wheel drive,2,Midsize,Coupe,9,40075
LEXUS,RC 300,255,3,6,AUTOMATIC,Z,all wheel drive,2,Midsize,Coupe,12.4,42690
LEXUS,RC 350,306,3.5,6,AUTOMATIC,Z,all wheel drive,2,Midsize,Coupe,10.6,43965.8
LEXUS,RC F,467,5,8,AUTOMATIC,Z,rear wheel drive,2,Midsize,Coupe,12.5,63123.3
LEXUS,RX 300,220,3,6,AUTOMATIC,X,front wheel drive,4,Midsize,4dr SUV,14.3,35228.3
LEXUS,RX 330,227.7,3,6,AUTOMATIC,X,all wheel drive,4,Midsize,4dr SUV,14.3,36590
LEXUS,RX 350,285.9,3,6,AUTOMATIC,X,all wheel drive,4,Midsize,4dr SUV,12.4,45752.3
LEXUS,RX 400H,268,3,6,AUTOMATIC,X,all wheel drive,4,Midsize,4dr SUV,8.6,43340
LEXUS,RX 450H,304.3,3,6,AUTOMATIC,Z,all wheel drive,4,Midsize,4dr SUV,7.7,52726.4
LEXUS,SC 300,225,3,6,AUTOMATIC,X,rear wheel drive,2,Midsize,Coupe,13.8,3633.3
LEXUS,SC 400,290,3,8,AUTOMATIC,X,rear wheel drive,2,Midsize,Coupe,14.4,3959
LEXUS,SC 430,288,2,8,AUTOMATIC,Z,rear wheel drive,2,Compact,Convertible,14.7,67188.3
LINCOLN,AVIATOR,302,3,8,AUTOMATIC,Z,all wheel drive,4,Midsize,4dr SUV,11.9,42543
LINCOLN,BLACKWOOD,300,4.4,8,AUTOMATIC,Z,rear wheel drive,4,Large,Crew Cab Pickup,21.4,51785
LINCOLN,CONTINENTAL,288.3,4.4,6.8,AUTOMATIC,X,front wheel drive,4,Large,Sedan,14.5,47855
LINCOLN,LS,253.8,3,6.9,AUTOMATIC,Z,rear wheel drive,4,Midsize,Sedan,14.3,37970.5
LINCOLN,MARK LT,300,4.4,8,AUTOMATIC,X,four wheel drive,4,Large,Crew Cab Pickup,19.1,40147.5
LINCOLN,MARK VII,225,4.4,8,AUTOMATIC,X,rear wheel drive,2,Large,Coupe,15.7,2000
LINCOLN,MARK VIII,281.7,4.4,8,AUTOMATIC,X,rear wheel drive,2,Large,Coupe,15,2223.7
LINCOLN,MKC,240,2,4,AUTOMATIC,X,all wheel drive,4,Compact,4dr SUV,11.9,40209.5
LINCOLN,MKS,334.8,4.4,6,AUTOMATIC,X,all wheel drive,4,Large,Sedan,13.4,41898.3
LINCOLN,MKT,334,4.4,6,AUTOMATIC,Z,all wheel drive,4,Large,Wagon,14.9,44950.8
LINCOLN,MKX,303.2,3,6,AUTOMATIC,X,all wheel drive,4,Midsize,4dr SUV,14,45255.6
LINCOLN,MKZ,228,2.4,4,AUTOMATIC,X,front wheel drive,4,Midsize,Sedan,9.8,40691.2
LINCOLN,MKZ HYBRID,191,2,4,AUTOMATIC,X,front wheel drive,4,Midsize,Sedan,5.9,34645
LINCOLN,NAVIGATOR,377,4.4,6,AUTOMATIC,X,four wheel drive,4,Large,4dr SUV,15.5,68917.5
LINCOLN,TOWN CAR,239,4.4,8,AUTOMATIC,X,rear wheel drive,4,Large,Sedan,14.7,49718.8
LINCOLN,ZEPHYR,221,3,6,AUTOMATIC,X,front wheel drive,4,Midsize,Sedan,13.8,28995
LOTUS,ELISE,203.2,2,4,MANUAL,Z,rear wheel drive,2,Compact,Convertible,11.5,51657.5
LOTUS,ESPRIT,350,2,8,MANUAL,Z,rear wheel drive,2,Compact,Coupe,16.8,91291.7
LOTUS,EVORA,303.6,2,6,MANUAL,Z,rear wheel drive,2,Compact,Coupe,13.4,71776
LOTUS,EVORA 400,400,2,6,MANUAL,Z,rear wheel drive,2,Compact,Coupe,11.2,91900
LOTUS,EXIGE,248.5,2,4,MANUAL,Z,rear wheel drive,2,Compact,Coupe,11.8,69627.5
MASERATI,COUPE,388.3,2,8,AUTOMATED_MANUAL,Z,rear wheel drive,2,Compact,Coupe,22,83862.3
MASERATI,GHIBLI,381.9,3,6,AUTOMATIC,Z,rear wheel drive,4,Midsize,Sedan,12.4,75175
MASERATI,GRANSPORT,399.5,2,8,AUTOMATIC,Z,rear wheel drive,2,Compact,Coupe,21.4,100266.5
MASERATI,GRANTURISMO,454,4.7,8,AUTOMATIC,Z,rear wheel drive,2,Large,Coupe,15.1,145993
MASERATI,GRANTURISMO CONVERTIBLE,451.3,4.7,8,AUTOMATIC,Z,rear wheel drive,2,Midsize,Convertible,15.2,155824.4
MASERATI,LEVANTE,384.5,3,6,AUTOMATIC,Z,all wheel drive,4,Large,4dr SUV,14.1,77500
MASERATI,QUATTROPORTE,440.6,4.4,6.6,AUTOMATIC,Z,rear wheel drive,4,Large,Sedan,15.2,119415.4
MASERATI,SPYDER,388.3,2,8,AUTOMATED_MANUAL,Z,rear wheel drive,2,Compact,Convertible,23.1,88165.8
MAYBACH,57,586.3,4.4,12,AUTOMATIC,Z,rear wheel drive,4,Large,Sedan,23.5,401357.1
MAYBACH,62,586.3,4.4,12,AUTOMATIC,Z,rear wheel drive,4,Large,Sedan,23.5,452471.4
MAYBACH,LANDAULET,620,4.4,12,AUTOMATIC,Z,rear wheel drive,4,Large,Convertible,23.5,1381375
MAZDA,2,100,2,4,AUTOMATIC,X,front wheel drive,4,Compact,4dr Hatchback,8.3,15821.7
MAZDA,3,165.9,2,4,AUTOMATIC,X,front wheel drive,4,Compact,Sedan,8.4,22195
MAZDA,323,82,2,4,MANUAL,X,front wheel drive,2,Compact,2dr Hatchback,9.5,2000
MAZDA,5,157,2,4,AUTOMATIC,X,front wheel drive,4,Compact,Passenger Minivan,10.9,22183.6
MAZDA,6,184,3,4,AUTOMATIC,X,front wheel drive,4,Midsize,Sedan,9.2,24761.3
MAZDA,626,148.6,3,5.1,MANUAL,X,front wheel drive,4,Midsize,Sedan,11.7,13786.8
MAZDA,929,193.7,3,6,AUTOMATIC,X,rear wheel drive,4,Midsize,Sedan,13.8,2000
MAZDA,B-SERIES,152.5,2,5.4,MANUAL,X,rear wheel drive,2.5,Compact,Regular Cab Pickup,14.3,16712.7
MAZDA,B-SERIES PICKUP,142.2,2,5.4,MANUAL,X,rear wheel drive,2.7,Compact,Extended Cab Pickup,14.3,2985
MAZDA,B-SERIES TRUCK,173.5,2,5.5,MANUAL,X,rear wheel drive,3.3,Compact,Extended Cab Pickup,14.1,20608.6
MAZDA,CX-3,146,2,4,AUTOMATIC,X,all wheel drive,4,Compact,4dr SUV,7.8,22928.3
MAZDA,CX-5,176,2.2,4,AUTOMATIC,X,front wheel drive,4,Midsize,4dr SUV,8.5,25404
MAZDA,CX-7,210.8,3,4,AUTOMATIC,Z,front wheel drive,4,Midsize,4dr SUV,12.7,27214.5
MAZDA,CX-9,256.1,3,5.3,AUTOMATIC,X,all wheel drive,4,Large,4dr SUV,10.7,34961.8
MAZDA,MAZDASPEED 3,263,2,4,MANUAL,Z,front wheel drive,4,Compact,4dr Hatchback,13.1,23966.7
MAZDA,MAZDASPEED 6,274,3,4,MANUAL,Z,all wheel drive,4,Midsize,Sedan,13.8,28960
MAZDA,MAZDASPEED MX-5 MIATA,178,2,4,MANUAL,Z,rear wheel drive,2,Compact,Convertible,13.1,26030
MAZDA,MAZDASPEED PROTEGE,170,2,4,MANUAL,Z,front wheel drive,4,Compact,Sedan,11.2,20230
MAZDA,MILLENIA,192.2,3,6,AUTOMATIC,X,front wheel drive,4,Midsize,Sedan,13.8,20622.9
MAZDA,MPV,200,2,6,AUTOMATIC,X,front wheel drive,4,Compact,Passenger Minivan,14.7,24888.8
MAZDA,MX-3,109,2,5,MANUAL,X,front wheel drive,2,Compact,2dr Hatchback,10.5,2000
MAZDA,MX-5 MIATA,160.9,2,4,AUTOMATIC,Z,rear wheel drive,2,Compact,Convertible,10.5,28300.5
MAZDA,MX-6,143.7,2,5.1,MANUAL,X,front wheel drive,2,Compact,Coupe,11.7,2000
MAZDA,NAVAJO,158.3,2,6,MANUAL,X,four wheel drive,2,Compact,2dr SUV,15.7,2000
MAZDA,PROTEGE,126,2,4,MANUAL,X,front wheel drive,4,Compact,Sedan,10.5,14788.6
MAZDA,PROTEGE5,130,2,4,MANUAL,X,front wheel drive,4,Compact,Wagon,10.7,16675
MAZDA,RX-7,255,2,,MANUAL,X,rear wheel drive,2,Compact,Coupe,15.7,8169.7
MAZDA,RX-8,223.8,2,,MANUAL,Z,rear wheel drive,4,Compact,Coupe,14.7,29727.6
MAZDA,TRIBUTE,193.3,2,4.6,AUTOMATIC,X,front wheel drive,4,Compact,4dr SUV,12,24722.7
MAZDA,TRIBUTE HYBRID,155,2,4,AUTOMATIC,X,all wheel drive,4,Compact,4dr SUV,7.5,29462.5
MAZDA,TRUCK,168.6,2,5.6,MANUAL,X,rear wheel drive,2.7,Compact,Extended Cab Pickup,14.1,18810.7
MCLAREN,570S,562,2,8,AUTOMATED_MANUAL,Z,rear wheel drive,2,Compact,Coupe,14.7,184900
MCLAREN,650S COUPE,641,2,8,AUTOMATED_MANUAL,Z,rear wheel drive,2,Compact,Coupe,14.7,265500
MCLAREN,650S SPIDER,641,2,8,AUTOMATED_MANUAL,Z,rear wheel drive,2,Compact,Convertible,14.7,280225
MCLAREN,MP4-12C,604,2,8,AUTOMATED_MANUAL,Z,rear wheel drive,2,Compact,Coupe,15.7,234200
MERCEDES-BENZ,190-CLASS,144,2,5,MANUAL,X,rear wheel drive,4,Compact,Sedan,13.4,2000
MERCEDES-BENZ,300-CLASS,182.8,3,5.9,AUTOMATIC,X,rear wheel drive,3.6,Midsize,Sedan,14.4,2385.6
MERCEDES-BENZ,350-CLASS,134,4.4,6,AUTOMATIC,D,rear wheel drive,4,Large,Sedan,12.4,2182.8
MERCEDES-BENZ,400-CLASS,275,4.4,8,AUTOMATIC,X,rear wheel drive,4,Large,Sedan,16.8,2398.2
MERCEDES-BENZ,420-CLASS,201,4.4,8,AUTOMATIC,X,rear wheel drive,4,Large,Sedan,16.8,2093
MERCEDES-BENZ,500-CLASS,318.5,2,8,AUTOMATIC,X,rear wheel drive,3,Compact,Sedan,18.4,3643.6
MERCEDES-BENZ,560-CLASS,238,4.4,8,AUTOMATIC,X,rear wheel drive,3,Large,Coupe,19.6,2310
MERCEDES-BENZ,600-CLASS,392.2,4.4,12,AUTOMATIC,X,rear wheel drive,3,Large,Sedan,21.4,3475.5
MERCEDES-BENZ,AMG GT,487.3,2,8,AUTOMATIC,Z,rear wheel drive,2,Compact,Coupe,14.7,124100
MERCEDES-BENZ,B-CLASS ELECTRIC DRIVE,177,2,0,DIRECT_DRIVE,X,front wheel drive,4,Compact,4dr Hatchback,2.8,40933.3
MERCEDES-BENZ,C-CLASS,310.8,3,5.2,AUTOMATIC,Z,rear wheel drive,3.5,Midsize,Sedan,10.8,49298.4
MERCEDES-BENZ,C36 AMG,273.3,2,6,AUTOMATIC,X,rear wheel drive,4,Compact,Sedan,14.7,3960.3
MERCEDES-BENZ,C43 AMG,302,2,8,AUTOMATIC,X,rear wheel drive,4,Compact,Sedan,14.7,4957.3
MERCEDES-BENZ,CL-CLASS,524,4.4,10,AUTOMATIC,Z,rear wheel drive,2,Large,Coupe,17.4,160483.3
MERCEDES-BENZ,CLA-CLASS,261.4,3,4,AUTOMATED_MANUAL,Z,all wheel drive,4,Midsize,Sedan,9.7,38427.8
MERCEDES-BENZ,CLK-CLASS,356.7,2,7.2,AUTOMATIC,Z,rear wheel drive,2,Compact,Convertible,15.5,65133.3
MERCEDES-BENZ,CLS-CLASS,419.9,3,7.4,AUTOMATIC,Z,all wheel drive,4,Midsize,Sedan,13.3,80448.5
MERCEDES-BENZ,E-CLASS,326.5,3,6,AUTOMATIC,Z,rear wheel drive,3.4,Midsize,Sedan,11.4,61857.1
MERCEDES-BENZ,E55 AMG,349,3,8,AUTOMATIC,X,rear wheel drive,4,Midsize,Sedan,15.7,5999
MERCEDES-BENZ,G-CLASS,503.6,3,8.8,AUTOMATIC,Z,four wheel drive,4,Midsize,4dr SUV,19.6,146040
MERCEDES-BENZ,GL-CLASS,395.2,4.4,7.2,AUTOMATIC,Z,all wheel drive,4,Large,4dr SUV,15.5,84225.8
MERCEDES-BENZ,GLA-CLASS,261.4,2,4,AUTOMATED_MANUAL,Z,all wheel drive,4,Compact,4dr SUV,10,38564.4
MERCEDES-BENZ,GLC-CLASS,241,3,4,AUTOMATIC,Z,all wheel drive,4,Midsize,4dr SUV,10.9,40050
MERCEDES-BENZ,GLE-CLASS,392.8,3,6.5,AUTOMATIC,Z,all wheel drive,4,Midsize,4dr SUV,14.3,73775.5
MERCEDES-BENZ,GLE-CLASS COUPE,469.5,3,7,AUTOMATIC,Z,all wheel drive,4,Midsize,4dr SUV,15.2,88675
MERCEDES-BENZ,GLK-CLASS,268,3,5.3,AUTOMATIC,Z,all wheel drive,4,Midsize,4dr SUV,11.4,38656.7
MERCEDES-BENZ,GLS-CLASS,462.7,4.4,7.3,AUTOMATIC,Z,all wheel drive,4,Large,4dr SUV,16,95550
MERCEDES-BENZ,M-CLASS,355.6,3,6.5,AUTOMATIC,Z,all wheel drive,4,Midsize,4dr SUV,13.9,61332
MERCEDES-BENZ,MAYBACH,523,4.4,12,AUTOMATIC,Z,rear wheel drive,4,Large,Sedan,18.1,190325
MERCEDES-BENZ,METRIS,208,2,4,AUTOMATIC,Z,rear wheel drive,3.5,Compact,Cargo Minivan,11.5,30725
MERCEDES-BENZ,ML55 AMG,342,3,8,AUTOMATIC,X,all wheel drive,4,Midsize,4dr SUV,19.6,5650
MERCEDES-BENZ,R-CLASS,244.7,4.4,6,AUTOMATIC,D,all wheel drive,4,Large,Wagon,14.3,51435
MERCEDES-BENZ,S-CLASS,533.2,4.4,9.5,AUTOMATIC,Z,rear wheel drive,3.2,Large,Sedan,15.9,157420.8
MERCEDES-BENZ,SL-CLASS,493.4,2,8.5,AUTOMATIC,Z,rear wheel drive,2,Compact,Convertible,14,140150
MERCEDES-BENZ,SLC-CLASS,301.5,2,5,AUTOMATIC,Z,rear wheel drive,2,Compact,Convertible,10.5,54125
MERCEDES-BENZ,SLK-CLASS,310.6,2,6,AUTOMATIC,Z,rear wheel drive,2,Compact,Convertible,11.2,57769.4
MERCEDES-BENZ,SLR MCLAREN,625,2,8,AUTOMATIC,Z,rear wheel drive,2,Compact,Convertible,20.1,490000
MERCEDES-BENZ,SLS AMG,563,2,8,AUTOMATED_MANUAL,Z,rear wheel drive,2,Compact,Coupe,16.8,189566.7
MERCEDES-BENZ,SLS AMG GT,590.8,2,8,AUTOMATED_MANUAL,Z,rear wheel drive,2,Compact,Coupe,18.1,218000
MERCEDES-BENZ,SLS AMG GT FINAL EDITION,583,2,8,AUTOMATED_MANUAL,Z,rear wheel drive,2,Compact,Convertible,18.1,224830
MITSUBISHI,3000GT,233,2,6,MANUAL,X,front wheel drive,2,Compact,2dr Hatchback,14.1,5035.8
MITSUBISHI,DIAMANTE,206.7,3,6,AUTOMATIC,Z,front wheel drive,4,Midsize,Sedan,15,26901
MITSUBISHI,ECLIPSE,191.4,2,4.6,AUTOMATIC,X,front wheel drive,2,Compact,2dr Hatchback,12.4,23967.6
MITSUBISHI,ECLIPSE SPYDER,206.1,2,4.9,AUTOMATIC,X,front wheel drive,2,Compact,Convertible,13,29984.7
MITSUBISHI,ENDEAVOR,225,3,6,AUTOMATIC,Z,front wheel drive,4,Midsize,4dr SUV,15.7,29689
MITSUBISHI,EXPO,132.7,2,4,MANUAL,X,front wheel drive,3.1,Compact,4dr Hatchback,12.7,2000
MITSUBISHI,GALANT,160,3,4,AUTOMATIC,X,front wheel drive,4,Midsize,Sedan,11.2,22899
MITSUBISHI,I-MIEV,66,2,,DIRECT_DRIVE,X,rear wheel drive,4,Compact,4dr Hatchback,1.9,22995
MITSUBISHI,LANCER,165.2,2.1,4,AUTOMATIC,X,front wheel drive,4,Compact,Sedan,8.5,20756.1
MITSUBISHI,LANCER EVOLUTION,292.7,2,4,MANUAL,Z,all wheel drive,4,Compact,Sedan,12.4,36752.1
MITSUBISHI,LANCER SPORTBACK,158,2,4,AUTOMATIC,X,front wheel drive,4,Compact,4dr Hatchback,8.6,20045
MITSUBISHI,MIGHTY MAX PICKUP,123,2,4.4,MANUAL,X,rear wheel drive,2,Compact,Regular Cab Pickup,13.5,2000
MITSUBISHI,MIRAGE,75.4,1.2,3,AUTOMATIC,X,front wheel drive,4,Compact,4dr Hatchback,6.2,14470
MITSUBISHI,MIRAGE G4,78,1.2,3,AUTOMATIC,X,front wheel drive,4,Compact,Sedan,6.5,15395
MITSUBISHI,MONTERO,215,3,6,AUTOMATIC,X,four wheel drive,4,Midsize,4dr SUV,18.1,35652.3
MITSUBISHI,MONTERO SPORT,184.2,3,6,AUTOMATIC,X,four wheel drive,4,Midsize,4dr SUV,15.8,27504.4
MITSUBISHI,OUTLANDER,175.7,2.4,4.3,AUTOMATIC,X,all wheel drive,4,Midsize,4dr SUV,8.5,25939.4
MITSUBISHI,OUTLANDER SPORT,160.1,2,4,AUTOMATIC,X,front wheel drive,4,Compact,4dr SUV,10.2,23059.3
MITSUBISHI,PRECIS,81,2,4,MANUAL,X,front wheel drive,2,Compact,2dr Hatchback,9.4,2000
MITSUBISHI,RAIDER,213.3,2,6.3,AUTOMATIC,X,rear wheel drive,4,Compact,Crew Cab Pickup,16,24838
MITSUBISHI,SIGMA,142,3,6,AUTOMATIC,X,front wheel drive,4,Midsize,Sedan,14.7,2000
MITSUBISHI,VANWAGON,107,2,4,AUTOMATIC,X,rear wheel drive,3,Compact,Cargo Minivan,13.8,2000
NISSAN,200SX,123.3,2,4,MANUAL,X,front wheel drive,2,Compact,Coupe,9.9,2008.1
NISSAN,240SX,155,2,4,MANUAL,X,rear wheel drive,2,Compact,Coupe,12.1,4066.4
NISSAN,300ZX,241.5,2,6,MANUAL,X,rear wheel drive,2,Compact,Coupe,14.3,2968.6
NISSAN,350Z,306,2,6,MANUAL,X,rear wheel drive,2,Compact,Convertible,13.6,36442.4
NISSAN,370Z,336.2,3.7,6,AUTOMATIC,Z,rear wheel drive,2,Compact,Coupe,11.3,40654.1
NISSAN,ALTIMA,218,2.9,4.8,AUTOMATIC,X,front wheel drive,4,Midsize,Sedan,8.2,26956.2
NISSAN,ALTIMA HYBRID,184.7,3,4,AUTOMATIC,X,front wheel drive,4,Midsize,Sedan,6.9,26743.3
NISSAN,ARMADA,338.9,4.4,8,AUTOMATIC,X,four wheel drive,4,Large,4dr SUV,18.4,48204
NISSAN,AXXESS,138,2,4,AUTOMATIC,X,four wheel drive,3,Compact,Passenger Minivan,13.4,2000
NISSAN,CUBE,122,2,4,AUTOMATIC,X,front wheel drive,4,Compact,Wagon,9,17500
NISSAN,FRONTIER,243.8,3.1,5.7,AUTOMATIC,X,rear wheel drive,4,Compact,Crew Cab Pickup,12.1,27461.7
NISSAN,GT-R,561.2,3.8,6,AUTOMATED_MANUAL,Z,all wheel drive,2,Midsize,Coupe,12.7,119030
NISSAN,JUKE,193,1.6,4,AUTOMATIC,Z,all wheel drive,4,Compact,4dr Hatchback,8,25124.7
NISSAN,MAXIMA,298.3,3.5,6,AUTOMATIC,Z,front wheel drive,4,Midsize,Sedan,9.9,35799.2
NISSAN,MURANO,258.6,3.5,5.7,AUTOMATIC,X,all wheel drive,4,Midsize,4dr SUV,9.9,36381.4
NISSAN,MURANO CROSSCABRIOLET,265,3,6,AUTOMATIC,Z,all wheel drive,2,Midsize,Convertible SUV,13.8,43691.7
NISSAN,NV200,131,2,4,AUTOMATIC,X,front wheel drive,4,Compact,Cargo Minivan,9.8,21436.7
NISSAN,NX,125,2,4,MANUAL,X,front wheel drive,2,Compact,2dr Hatchback,10.6,2000
NISSAN,PATHFINDER,266.9,3.5,6,AUTOMATIC,X,four wheel drive,4,Large,4dr SUV,10.3,35520
NISSAN,PULSAR,90,2,4,MANUAL,X,front wheel drive,2,Compact,Coupe,10.2,2000
NISSAN,QUEST,260,3.5,6,AUTOMATIC,X,front wheel drive,4,Compact,Passenger Minivan,10.8,33443.3
NISSAN,ROGUE,170,2.5,4,AUTOMATIC,X,all wheel drive,4,Midsize,4dr SUV,8.2,26121
NISSAN,ROGUE SELECT,170,3,4,AUTOMATIC,X,all wheel drive,4,Midsize,4dr SUV,10.5,20825
NISSAN,SENTRA,134.8,1.8,4,AUTOMATIC,X,front wheel drive,4,Midsize,Sedan,7.6,19146.8
NISSAN,STANZA,138,2,4,MANUAL,X,front wheel drive,4,Compact,Sedan,12.4,2000
NISSAN,TITAN,335.8,5.6,8,AUTOMATIC,X,four wheel drive,4,Large,Crew Cab Pickup,14.3,37958
NISSAN,TRUCK,137.3,2,4.3,MANUAL,X,rear wheel drive,2,Compact,Extended Cab Pickup,13.8,2390.1
NISSAN,VAN,106,2,4,AUTOMATIC,X,rear wheel drive,3,Compact,Passenger Minivan,15.2,2000
NISSAN,VERSA,109,1.6,4,AUTOMATIC,X,front wheel drive,4,Compact,Sedan,7.3,14660.6
NISSAN,VERSA NOTE,109,2,4,AUTOMATIC,X,front wheel drive,4,Compact,4dr Hatchback,7.7,16834.4
NISSAN,XTERRA,261,3,6,AUTOMATIC,X,four wheel drive,4,Midsize,4dr SUV,15.2,26980.5
OLDSMOBILE,ACHIEVA,150,3,4.4,MANUAL,X,front wheel drive,3.2,Midsize,Sedan,12.3,2000
OLDSMOBILE,ALERO,155,3,5,AUTOMATIC,X,front wheel drive,3,Midsize,Coupe,12.1,20626.2
OLDSMOBILE,AURORA,236,4.4,7.2,AUTOMATIC,Z,front wheel drive,4,Large,Sedan,14.9,33367.6
OLDSMOBILE,BRAVADA,272.9,3,6,AUTOMATIC,X,rear wheel drive,4,Midsize,4dr SUV,16.9,34021.4
OLDSMOBILE,CIERA,146.7,3,5.3,AUTOMATIC,X,front wheel drive,4,Midsize,Wagon,12.6,2000
OLDSMOBILE,CUSTOM CRUISER,160,4.4,8,AUTOMATIC,X,rear wheel drive,4,Large,Wagon,15.7,2000
OLDSMOBILE,CUTLASS,153.3,3,6,AUTOMATIC,X,front wheel drive,4,Midsize,Sedan,13.6,2045.3
OLDSMOBILE,CUTLASS CALAIS,140,2,4,MANUAL,X,front wheel drive,3,Compact,Coupe,12,2000
OLDSMOBILE,CUTLASS CIERA,145,3,5.2,AUTOMATIC,X,front wheel drive,4,Midsize,Sedan,12.9,2000
OLDSMOBILE,CUTLASS SUPREME,160,3,6,AUTOMATIC,X,front wheel drive,2.9,Midsize,Coupe,13.4,2000
OLDSMOBILE,EIGHTY-EIGHT,205,4.4,6,AUTOMATIC,X,front wheel drive,4,Large,Sedan,13.8,2105
OLDSMOBILE,EIGHTY-EIGHT ROYALE,186,4.4,6,AUTOMATIC,X,front wheel drive,4,Large,Sedan,13.8,2000
OLDSMOBILE,INTRIGUE,215,3,6,AUTOMATIC,X,front wheel drive,4,Midsize,Sedan,13.6,17359.7
OLDSMOBILE,LSS,220.8,4.4,6,AUTOMATIC,X,front wheel drive,4,Large,Sedan,14.3,2330
OLDSMOBILE,NINETY-EIGHT,195.7,4.4,6,AUTOMATIC,X,front wheel drive,4,Large,Sedan,14.1,2000
OLDSMOBILE,REGENCY,205,4.4,6,AUTOMATIC,X,front wheel drive,4,Large,Sedan,13.8,2042
OLDSMOBILE,SILHOUETTE,185,3,6,AUTOMATIC,X,front wheel drive,4,Midsize,Passenger Minivan,14.2,32803.7
OLDSMOBILE,TORONADO,168.3,4.4,6,AUTOMATIC,X,front wheel drive,2,Large,Coupe,14.7,2000
PLYMOUTH,ACCLAIM,102,2,4,AUTOMATIC,X,front wheel drive,4,Compact,Sedan,11.8,2000
PLYMOUTH,BREEZE,132,3,4,MANUAL,X,front wheel drive,4,Midsize,Sedan,10.2,2000
PLYMOUTH,COLT,108.9,2,4,MANUAL,X,front wheel drive,3.4,Compact,Wagon,10.2,2000
PLYMOUTH,GRAND VOYAGER,155,4.4,6,AUTOMATIC,X,front wheel drive,4,Large,Passenger Minivan,14.3,2135.9
PLYMOUTH,HORIZON,93,2,4,MANUAL,X,front wheel drive,4,Compact,4dr Hatchback,10.7,2000
PLYMOUTH,LASER,154.2,2,4,MANUAL,X,front wheel drive,2,Compact,2dr Hatchback,12.3,2000
PLYMOUTH,NEON,138,2,4,MANUAL,X,front wheel drive,3.3,Compact,Sedan,9.8,3195.4
PLYMOUTH,PROWLER,253,2,6,AUTOMATIC,X,rear wheel drive,2,Compact,Convertible,15.7,28543.7
PLYMOUTH,SUNDANCE,96,2,4,MANUAL,X,front wheel drive,3,Compact,2dr Hatchback,10.6,2000
PLYMOUTH,VOYAGER,153,3,5.2,AUTOMATIC,X,front wheel drive,3.6,Midsize,Passenger Minivan,13.8,2075.1
PONTIAC,6000,132.5,3,5.5,AUTOMATIC,X,front wheel drive,4,Midsize,Sedan,13.4,2000
PONTIAC,AZTEK,185,3,6,AUTOMATIC,X,all wheel drive,4,Midsize,4dr SUV,14.3,22688.3
PONTIAC,BONNEVILLE,224.4,4.4,6.4,AUTOMATIC,X,front wheel drive,4,Large,Sedan,13.9,30752.8
PONTIAC,FIREBIRD,265,3,7.2,AUTOMATIC,X,rear wheel drive,2,Midsize,2dr Hatchback,14.5,19644.4
PONTIAC,G3,106,2,4,MANUAL,X,front wheel drive,4,Compact,4dr Hatchback,8.7,14335
PONTIAC,G5,158.3,2,4,MANUAL,X,front wheel drive,2,Compact,Coupe,10.1,17664.2
PONTIAC,G6,210.6,3,5.4,AUTOMATIC,X,front wheel drive,3.1,Midsize,Sedan,12.6,25019.8
PONTIAC,G8,328.6,4.4,7.2,AUTOMATIC,X,rear wheel drive,4,Large,Sedan,15.3,30767
PONTIAC,GRAND AM,164.1,3,5.4,AUTOMATIC,X,front wheel drive,3.3,Midsize,Sedan,12.2,21345.6
PONTIAC,GRAND PRIX,253.6,3,6.8,AUTOMATIC,X,front wheel drive,4,Midsize,Sedan,13.8,24986.2
PONTIAC,GTO,383.3,3,8,AUTOMATIC,Z,rear wheel drive,2,Midsize,Coupe,16.4,31793.3
PONTIAC,LE MANS,74,2,4,MANUAL,X,front wheel drive,2.7,Compact,Coupe,9.2,2000
PONTIAC,MONTANA,188.5,3,6,AUTOMATIC,X,front wheel drive,4,Midsize,Passenger Minivan,14.3,27944.1
PONTIAC,MONTANA SV6,198.5,3,6,AUTOMATIC,X,all wheel drive,4,Midsize,Passenger Minivan,15.2,26000
PONTIAC,SOLSTICE,212.9,2,4,MANUAL,Z,rear wheel drive,2,Compact,Convertible,12.5,27140
PONTIAC,SUNBIRD,115.9,2,4.4,MANUAL,X,front wheel drive,2.6,Compact,Coupe,11.1,2000
PONTIAC,SUNFIRE,140,2,4,MANUAL,X,front wheel drive,2,Compact,Coupe,10.3,13371
PONTIAC,TORRENT,216.6,2,6,AUTOMATIC,X,all wheel drive,4,Compact,4dr SUV,14.1,26542
PONTIAC,TRANS SPORT,180,2,6,AUTOMATIC,X,front wheel drive,3.4,Compact,Passenger Minivan,14.6,2020.3
PONTIAC,VIBE,148.7,2,4,MANUAL,X,front wheel drive,4,Compact,4dr Hatchback,10.5,18388.3
PORSCHE,718 CAYMAN,325,2,4,MANUAL,Z,rear wheel drive,2,Compact,Coupe,11.5,60100
PORSCHE,911,426.4,2,6,MANUAL,Z,all wheel drive,2,Compact,Coupe,12.8,123763.8
PORSCHE,928,345,2,8,MANUAL,X,rear wheel drive,2,Compact,2dr Hatchback,21.4,7704.3
PORSCHE,944,208,2,4,MANUAL,X,rear wheel drive,2,Compact,2dr Hatchback,15.7,3093.8
PORSCHE,968,236,2,4,MANUAL,X,rear wheel drive,2,Compact,Convertible,15.7,4643
PORSCHE,BOXSTER,300,2.4,6,MANUAL,Z,rear wheel drive,2,Compact,Convertible,9.6,61412.5
PORSCHE,CARRERA GT,605,2,10,MANUAL,Z,rear wheel drive,2,Compact,Convertible,26.1,440000
PORSCHE,CAYENNE,422.9,3.4,6.7,AUTOMATIC,Z,all wheel drive,4,Midsize,4dr SUV,12,94385.7
PORSCHE,CAYMAN,310,2.4,6,MANUAL,Z,rear wheel drive,2,Compact,Coupe,9.6,62487.5
PORSCHE,CAYMAN S,295,2.9,6,MANUAL,Z,rear wheel drive,2,Compact,Coupe,10.2,58900
PORSCHE,MACAN,354,2,5.8,AUTOMATED_MANUAL,Z,all wheel drive,4,Midsize,4dr SUV,11,61725
PORSCHE,PANAMERA,437.3,3.3,6.9,AUTOMATED_MANUAL,Z,all wheel drive,4,Large,Sedan,10.6,123340.9
ROLLS-ROYCE,CORNICHE,325,4.4,8,AUTOMATIC,Z,rear wheel drive,2,Large,Convertible,23.5,359990
ROLLS-ROYCE,DAWN,563,6.6,12,AUTOMATIC,Z,rear wheel drive,2,Large,Convertible,17,335000
ROLLS-ROYCE,GHOST,563,6.6,12,AUTOMATIC,Z,rear wheel drive,4,Large,Sedan,16.6,276525
ROLLS-ROYCE,GHOST SERIES II,563,4.4,12,AUTOMATIC,Z,rear wheel drive,4,Large,Sedan,18.1,307831.2
ROLLS-ROYCE,PARK WARD,322,4.4,12,AUTOMATIC,Z,rear wheel drive,4,Large,Sedan,21.4,261445
ROLLS-ROYCE,PHANTOM,453,6.7,12,AUTOMATIC,Z,rear wheel drive,4,Large,Sedan,16.8,445959.2
ROLLS-ROYCE,PHANTOM COUPE,453,6.7,12,AUTOMATIC,Z,rear wheel drive,2,Large,Coupe,17.2,440466.7
ROLLS-ROYCE,PHANTOM DROPHEAD COUPE,453,6.7,12,AUTOMATIC,Z,rear wheel drive,2,Large,Convertible,17.2,482125
ROLLS-ROYCE,SILVER SERAPH,322,4.4,12,AUTOMATIC,Z,rear wheel drive,4,Large,Sedan,21.4,224945
ROLLS-ROYCE,WRAITH,624,6.6,12,AUTOMATIC,Z,rear wheel drive,2,Large,Coupe,16.1,294425
SAAB,9-2X,198.8,2,4,MANUAL,Z,all wheel drive,4,Compact,Wagon,12.7,24970
SAAB,09-mar,215.7,2,4.2,AUTOMATIC,Z,front wheel drive,3.5,Compact,Sedan,12.8,37603.3
SAAB,9-3 GRIFFIN,220,2,4,AUTOMATIC,Z,front wheel drive,3.3,Compact,Sedan,12.3,36581.1
SAAB,9-4X,272,3,6,AUTOMATIC,Z,all wheel drive,4,Midsize,4dr SUV,13.8,38952
SAAB,09-may,263.6,3,4.5,AUTOMATIC,Z,front wheel drive,4,Midsize,Sedan,13.6,42925.9
SAAB,9-7X,317.5,3,7.2,AUTOMATIC,X,all wheel drive,4,Midsize,4dr SUV,17.8,43393.1
SAAB,900,173.3,2,4.3,MANUAL,X,front wheel drive,2.7,Compact,4dr Hatchback,13.3,2025.1
SAAB,9000,203.5,3,4.4,MANUAL,X,front wheel drive,4,Midsize,4dr Hatchback,13.4,2058.6
SCION,FR-S,200,2,4,AUTOMATIC,Z,rear wheel drive,2,Compact,Coupe,9,27517.5
SCION,IA,106,2,4,AUTOMATIC,X,front wheel drive,4,Compact,Sedan,7.4,16250
SCION,IM,137,1.8,4,AUTOMATIC,X,front wheel drive,4,Compact,4dr Hatchback,7.6,18830
SCION,IQ,94,1.3,4,AUTOMATIC,X,front wheel drive,2,Compact,2dr Hatchback,6.3,16168.8
SCION,TC,179,2.5,4,AUTOMATIC,X,front wheel drive,2,Compact,2dr Hatchback,9,21546.4
SCION,XA,106.3,2,4,AUTOMATIC,X,front wheel drive,4,Compact,4dr Hatchback,8.7,12996.7
SCION,XB,158,2.4,4,AUTOMATIC,X,front wheel drive,4,Compact,Wagon,9.9,18444.5
SCION,XD,128,1.8,4,AUTOMATIC,X,front wheel drive,4,Compact,4dr Hatchback,8,16683
SPYKER,C8,400,2,8,MANUAL,Z,rear wheel drive,2,Compact,Coupe,18.1,213323.3
SUBARU,B9 TRIBECA,248,3,6,AUTOMATIC,Z,all wheel drive,4,Midsize,4dr SUV,14.7,34088.3
SUBARU,BAJA,192,2,4,AUTOMATIC,Z,all wheel drive,4,Compact,Crew Cab Pickup,13.5,24398.3
SUBARU,BRZ,201.2,2,4,MANUAL,Z,rear wheel drive,2,Compact,Coupe,9.1,27685.8
SUBARU,CROSSTREK,150.4,2,4,AUTOMATIC,X,all wheel drive,4,Compact,4dr SUV,9.2,24175
SUBARU,FORESTER,190,3,4,AUTOMATIC,X,all wheel drive,4,Midsize,4dr SUV,10,27336.7
SUBARU,IMPREZA,149.4,2,4,AUTOMATIC,X,all wheel drive,4,Compact,4dr Hatchback,8.6,21168.5
SUBARU,IMPREZA WRX,278.3,2,4,MANUAL,Z,all wheel drive,4,Compact,Sedan,12.9,30656.1
SUBARU,JUSTY,72.3,2,3,MANUAL,X,front wheel drive,2.8,Compact,2dr Hatchback,8.9,2000
SUBARU,LEGACY,187.8,3,4.3,AUTOMATIC,X,all wheel drive,4,Midsize,Sedan,9.5,25370.8
SUBARU,LOYALE,90,2,4,MANUAL,X,four wheel drive,4,Compact,Wagon,11,2000
SUBARU,OUTBACK,191.2,3,4.4,AUTOMATIC,X,all wheel drive,4,Midsize,4dr SUV,9.8,29622.2
SUBARU,SVX,230,2,6,AUTOMATIC,X,all wheel drive,2,Compact,Coupe,15.7,2280.8
SUBARU,TRIBECA,256,3,6,AUTOMATIC,X,all wheel drive,4,Midsize,4dr SUV,14.7,33155
SUBARU,WRX,282.8,2.2,4,MANUAL,Z,all wheel drive,4,Compact,Sedan,11.1,32863
SUBARU,XT,129,2,5.3,MANUAL,X,front wheel drive,2,Compact,Coupe,12.6,2000
SUBARU,XV CROSSTREK,151.4,2,4,AUTOMATIC,X,all wheel drive,4,Compact,4dr SUV,9.1,24395
SUZUKI,AERIO,155,2,4,AUTOMATIC,X,front wheel drive,4,Compact,Sedan,10.9,15918.4
SUZUKI,EQUATOR,223.1,2,5.3,AUTOMATIC,X,rear wheel drive,4,Compact,Extended Cab Pickup,14.7,24512.6
SUZUKI,ESTEEM,121.1,2,4,AUTOMATIC,X,front wheel drive,4,Compact,Wagon,9.8,13295.9
SUZUKI,FORENZA,126.8,2,4,AUTOMATIC,X,front wheel drive,4,Compact,Sedan,12.3,15575.5
SUZUKI,GRAND VITARA,166,2,4,AUTOMATIC,X,rear wheel drive,4,Compact,4dr SUV,12.4,22762.9
SUZUKI,KIZASHI,181.1,3,4,AUTOMATIC,X,front wheel drive,4,Midsize,Sedan,10.6,23994.3
SUZUKI,RENO,126.6,2,4,AUTOMATIC,X,front wheel drive,4,Compact,4dr Hatchback,12.1,14647
SUZUKI,SAMURAI,66,2,4,MANUAL,X,four wheel drive,2,Compact,Convertible SUV,9.8,2000
SUZUKI,SIDEKICK,104.8,2,4,MANUAL,X,four wheel drive,3.4,Compact,4dr SUV,11.6,2022.2
SUZUKI,SWIFT,79,2,4,MANUAL,X,front wheel drive,2,Compact,2dr Hatchback,7.9,6642.3
SUZUKI,SX4,148.9,2,4,AUTOMATIC,X,front wheel drive,4,Compact,4dr Hatchback,10.3,17608.7
SUZUKI,VERONA,155,3,6,AUTOMATIC,X,front wheel drive,4,Midsize,Sedan,13.5,19221.2
SUZUKI,VITARA,136.5,2,4.5,MANUAL,X,four wheel drive,3.2,Compact,4dr SUV,12.3,17474
SUZUKI,X-90,95,2,4,MANUAL,X,four wheel drive,2,Compact,2dr SUV,10.7,2000
SUZUKI,XL-7,185,3,6,AUTOMATIC,X,rear wheel drive,4,Midsize,4dr SUV,15.3,23688.7
SUZUKI,XL7,252,3,6,AUTOMATIC,X,front wheel drive,4,Midsize,4dr SUV,14.8,27013.8
TOYOTA,4RUNNER,270,3,6,AUTOMATIC,X,four wheel drive,4,Midsize,4dr SUV,13.8,38221.3
TOYOTA,86,202.5,2,4,AUTOMATIC,Z,rear wheel drive,2,Compact,Coupe,9.3,26615
TOYOTA,AVALON,268,3.5,6,AUTOMATIC,X,front wheel drive,4,Midsize,Sedan,9.6,36230.3
TOYOTA,AVALON HYBRID,200,3,4,AUTOMATIC,X,front wheel drive,4,Midsize,Sedan,5.9,39018.9
TOYOTA,CAMRY,206.4,3,4.6,AUTOMATIC,X,front wheel drive,4,Midsize,Sedan,8.5,26952.9
TOYOTA,CAMRY HYBRID,200,3,4,AUTOMATIC,X,front wheel drive,4,Midsize,Sedan,5.8,28290.6
TOYOTA,CAMRY SOLARA,186.9,3,5.1,AUTOMATIC,X,front wheel drive,2,Midsize,Coupe,12.1,24342.3
TOYOTA,CELICA,160,2,4,AUTOMATIC,Z,front wheel drive,2,Compact,2dr Hatchback,10.4,20725
TOYOTA,COROLLA,133.9,1.8,4,AUTOMATIC,X,front wheel drive,4,Compact,Sedan,7.4,20221.2
TOYOTA,COROLLA IM,137,1.8,4,AUTOMATIC,X,front wheel drive,4,Compact,4dr Hatchback,7.7,19120
TOYOTA,CRESSIDA,190,3,6,AUTOMATIC,X,rear wheel drive,4,Midsize,Sedan,13.8,2000
TOYOTA,ECHO,108,2,4,AUTOMATIC,X,front wheel drive,3,Compact,Coupe,8.1,11016.7
TOYOTA,FJ CRUISER,260,3,6,AUTOMATIC,X,four wheel drive,4,Midsize,4dr SUV,14.6,27865
TOYOTA,HIGHLANDER,262.3,3.3,5.8,AUTOMATIC,X,front wheel drive,4,Midsize,4dr SUV,10.6,37219.8
TOYOTA,HIGHLANDER HYBRID,280,3,6,AUTOMATIC,X,all wheel drive,4,Midsize,4dr SUV,8.7,48939.2
TOYOTA,LAND CRUISER,381,3,8,AUTOMATIC,X,four wheel drive,4,Midsize,4dr SUV,18.1,82768.3
TOYOTA,MATRIX,147.6,2,4,AUTOMATIC,X,front wheel drive,4,Compact,4dr Hatchback,10.4,20310.3
TOYOTA,MR2,167.5,2,4,MANUAL,X,rear wheel drive,2,Compact,Coupe,12.7,2138.7
TOYOTA,MR2 SPYDER,138,2,4,AUTOMATED_MANUAL,X,rear wheel drive,2,Compact,Convertible,10.3,25395
TOYOTA,PASEO,94.8,2,4,MANUAL,X,front wheel drive,2,Compact,Coupe,9.2,2044.5
TOYOTA,PICKUP,134.3,2,5.1,MANUAL,X,four wheel drive,2,Compact,Extended Cab Pickup,14.5,2273.9
TOYOTA,PREVIA,155.2,2,4,AUTOMATIC,X,all wheel drive,3,Compact,Passenger Minivan,15.3,2200.2
TOYOTA,PRIUS,125.3,1.8,4,AUTOMATIC,X,front wheel drive,4,Compact,4dr Hatchback,4.6,26908.6
TOYOTA,PRIUS C,99,1.5,4,AUTOMATIC,X,front wheel drive,4,Compact,4dr Hatchback,4.9,21377.7
TOYOTA,PRIUS PRIME,121,2,4,AUTOMATIC,X,front wheel drive,4,Compact,4dr Hatchback,4.3,29666.7
TOYOTA,PRIUS V,134,1.8,4,AUTOMATIC,X,front wheel drive,4,Midsize,Wagon,5.7,28841.2
TOYOTA,RAV4,176,2.5,4,AUTOMATIC,X,all wheel drive,4,Midsize,4dr SUV,8.6,28789.2
TOYOTA,RAV4 EV,154,3,0,DIRECT_DRIVE,X,front wheel drive,4,Midsize,4dr SUV,3,49800
TOYOTA,RAV4 HYBRID,194,3,4,AUTOMATIC,X,all wheel drive,4,Midsize,4dr SUV,6.9,31445
TOYOTA,SEQUOIA,381,4.4,8,AUTOMATIC,X,four wheel drive,4,Large,4dr SUV,18.1,55687.8
TOYOTA,SIENNA,276,3.5,6,AUTOMATIC,X,front wheel drive,4,Large,Passenger Minivan,11.1,37672.8
TOYOTA,SUPRA,270.8,2,6,MANUAL,X,rear wheel drive,2,Compact,Coupe,14.9,19738
TOYOTA,T100,182,4.4,5.6,MANUAL,X,rear wheel drive,2,Large,Extended Cab Pickup,15.2,2861.2
TOYOTA,TACOMA,240.5,3.1,5.5,AUTOMATIC,X,four wheel drive,4,Compact,Crew Cab Pickup,11.4,30318.4
TOYOTA,TERCEL,93,2,4,MANUAL,X,front wheel drive,2.6,Compact,Coupe,8.5,2028.7
TOYOTA,TUNDRA,371.9,5.2,8,AUTOMATIC,X,four wheel drive,3.8,Large,Extended Cab Pickup,15,37844.2
TOYOTA,VENZA,229.3,3.1,5.1,AUTOMATIC,X,all wheel drive,4,Midsize,Wagon,10.6,33031.9
TOYOTA,YARIS,106,1.5,4,AUTOMATIC,X,front wheel drive,3.1,Compact,4dr Hatchback,6.8,16463.8
TOYOTA,YARIS IA,106,2,4,AUTOMATIC,X,front wheel drive,4,Compact,Sedan,7.6,16500
VOLKSWAGEN,BEETLE,183.3,2,4,MANUAL,X,front wheel drive,2,Compact,2dr Hatchback,8.8,26100.9
VOLKSWAGEN,BEETLE CONVERTIBLE,186.3,2,4.1,AUTOMATIC,Z,front wheel drive,2,Compact,Convertible,8.9,30492
VOLKSWAGEN,CABRIO,115,2,4,MANUAL,X,front wheel drive,2,Compact,Convertible,11.4,18592.2
VOLKSWAGEN,CABRIOLET,94,2,4,MANUAL,X,front wheel drive,2,Compact,Convertible,10.8,2000
VOLKSWAGEN,CC,205,2,4.1,AUTOMATED_MANUAL,Z,front wheel drive,4,Midsize,Sedan,9.5,35854.4
VOLKSWAGEN,CORRADO,173,2,5.5,MANUAL,X,front wheel drive,2,Compact,2dr Hatchback,14.3,2000
VOLKSWAGEN,E-GOLF,115,2,,DIRECT_DRIVE,X,front wheel drive,4,Compact,4dr Hatchback,1.9,33371.2
VOLKSWAGEN,EOS,200,2,4,AUTOMATED_MANUAL,Z,front wheel drive,2,Compact,Convertible,9.6,38063.6
VOLKSWAGEN,EUROVAN,201,4.4,6,AUTOMATIC,Z,front wheel drive,3,Large,Passenger Minivan,15.7,26950
VOLKSWAGEN,FOX,81,2,4,MANUAL,X,front wheel drive,2.9,Compact,Coupe,10.7,2000
VOLKSWAGEN,GLI,200,3,4,AUTOMATED_MANUAL,Z,front wheel drive,4,Midsize,Sedan,10.6,25538.4
VOLKSWAGEN,GOLF,165.6,1.7,4,AUTOMATIC,X,front wheel drive,3.5,Compact,4dr Hatchback,7.9,22647.2
VOLKSWAGEN,GOLF ALLTRACK,170,1.8,4,AUTOMATED_MANUAL,X,all wheel drive,4,Compact,Wagon,9.5,29130
VOLKSWAGEN,GOLF GTI,215.2,2,4,AUTOMATED_MANUAL,Z,front wheel drive,3.3,Compact,4dr Hatchback,8.5,28791.6
VOLKSWAGEN,GOLF R,292,2,4,AUTOMATED_MANUAL,Z,all wheel drive,4,Compact,4dr Hatchback,9.5,37723.5
VOLKSWAGEN,GOLF SPORTWAGEN,163.7,1.7,4,AUTOMATIC,X,front wheel drive,4,Compact,Wagon,8,26127.1
VOLKSWAGEN,GTI,200,2,4,AUTOMATED_MANUAL,Z,front wheel drive,3.2,Compact,4dr Hatchback,10.5,28037.9
VOLKSWAGEN,JETTA,171.7,1.7,4,AUTOMATIC,X,front wheel drive,4,Midsize,Sedan,8,23953.5
VOLKSWAGEN,JETTA GLI,207.3,2,4,AUTOMATED_MANUAL,Z,front wheel drive,4,Midsize,Sedan,8.7,27350
VOLKSWAGEN,JETTA HYBRID,170,1.4,4,AUTOMATED_MANUAL,Z,front wheel drive,4,Midsize,Sedan,5.3,28479.4
VOLKSWAGEN,JETTA SPORTWAGEN,157.1,2,4.6,AUTOMATIC,X,front wheel drive,4,Compact,Wagon,9,25284.8
VOLKSWAGEN,NEW BEETLE,150,2,5,AUTOMATIC,X,front wheel drive,2,Compact,2dr Hatchback,11.8,21973.6
VOLKSWAGEN,PASSAT,178,2.4,4.2,AUTOMATIC,X,front wheel drive,4,Midsize,Sedan,9.2,27465.9
VOLKSWAGEN,PHAETON,385.7,4.4,10.2,AUTOMATIC,Z,all wheel drive,4,Large,Sedan,19,83318.2
VOLKSWAGEN,R32,245,2,6,AUTOMATED_MANUAL,Z,all wheel drive,2,Compact,2dr Hatchback,13.4,31045
VOLKSWAGEN,RABBIT,162.7,2,5,AUTOMATIC,X,front wheel drive,2.9,Compact,2dr Hatchback,11.6,17080.9
VOLKSWAGEN,ROUTAN,260.7,3.6,6,AUTOMATIC,X,front wheel drive,4,Midsize,Passenger Minivan,12.1,35601.2
VOLKSWAGEN,TIGUAN,200,2,4,AUTOMATIC,Z,all wheel drive,4,Compact,4dr SUV,10.5,31651
VOLKSWAGEN,TOUAREG,272.2,3.6,6,AUTOMATIC,Z,all wheel drive,4,Midsize,4dr SUV,12.4,54166.7
VOLKSWAGEN,TOUAREG 2,298.5,3,7.3,AUTOMATIC,D,all wheel drive,4,Midsize,4dr SUV,16.6,47838.3
VOLKSWAGEN,VANAGON,90,4.4,4,MANUAL,X,rear wheel drive,3,Large,Passenger Minivan,15.2,2000
VOLVO,240,114,3,4,MANUAL,X,rear wheel drive,4,Midsize,Sedan,12.5,2000
VOLVO,740,133.9,3,4,AUTOMATIC,X,rear wheel drive,4,Midsize,Wagon,13,2000
VOLVO,760,156,3,4.7,AUTOMATIC,X,rear wheel drive,4,Midsize,Sedan,15,2000
VOLVO,780,166,3,5,AUTOMATIC,X,rear wheel drive,2,Midsize,Coupe,15.2,2000
VOLVO,850,202.9,3,5,AUTOMATIC,X,front wheel drive,4,Midsize,Sedan,13.4,2003.5
VOLVO,940,138,3,4,AUTOMATIC,X,rear wheel drive,4,Midsize,Sedan,13.8,2000
VOLVO,960,181,3,6,AUTOMATIC,X,rear wheel drive,4,Midsize,Sedan,15,2000
VOLVO,C30,227,2,5,MANUAL,Z,front wheel drive,2,Compact,2dr Hatchback,11.2,26258.3
VOLVO,C70,227,2,5,AUTOMATIC,Z,front wheel drive,2,Compact,Convertible,12.6,40533.3
VOLVO,COUPE,188,3,4,AUTOMATIC,X,rear wheel drive,2,Midsize,Coupe,13.8,2000
VOLVO,S40,212.2,2,5,AUTOMATIC,Z,front wheel drive,4,Compact,Sedan,11.7,30287.5
VOLVO,S60,273.9,2.5,4.6,AUTOMATIC,X,all wheel drive,4,Midsize,Sedan,9.7,40721.4
VOLVO,S60 CROSS COUNTRY,240,3,4,AUTOMATIC,X,all wheel drive,4,Midsize,Sedan,10.7,44200
VOLVO,S70,191.6,3,5,MANUAL,X,front wheel drive,4,Midsize,Sedan,13.4,2317.9
VOLVO,S80,262.5,3.2,5,AUTOMATIC,X,front wheel drive,4,Midsize,Sedan,10.2,43365.6
VOLVO,S90,262.6,4.4,4.4,AUTOMATIC,Z,all wheel drive,4,Large,Sedan,11.1,41773.8
VOLVO,V40,167.5,2,4,AUTOMATIC,Z,front wheel drive,4,Compact,Wagon,12.4,26336.2
VOLVO,V50,207.3,2,5,AUTOMATIC,Z,front wheel drive,4,Compact,Wagon,11.6,31483.3
VOLVO,V60,272.4,3,4.7,AUTOMATIC,X,all wheel drive,4,Midsize,Wagon,10.7,42403.3
VOLVO,V60 CROSS COUNTRY,246.7,3,4.7,AUTOMATIC,X,all wheel drive,4,Midsize,Wagon,11.4,43125
VOLVO,V70,235,3,6,AUTOMATIC,Z,front wheel drive,4,Midsize,Wagon,13.8,34228.8
VOLVO,V90,181,3,6,AUTOMATIC,X,rear wheel drive,4,Midsize,Wagon,14.7,2200
VOLVO,XC,197,3,5,AUTOMATIC,Z,all wheel drive,4,Midsize,Wagon,13.8,36500
VOLVO,XC60,280.5,3.2,4.9,AUTOMATIC,X,all wheel drive,4,Midsize,4dr SUV,11.2,43620.4
VOLVO,XC70,252.8,3,4.9,AUTOMATIC,X,all wheel drive,4,Midsize,Wagon,11.6,40877.8
VOLVO,XC90,276,4.4,4.2,AUTOMATIC,Z,all wheel drive,4,Large,4dr SUV,11.5,50794.1